id,book_level,vocab,english_meaning,vietnamese_meaning,word_type,component
1,Công xưởng,上班,Go to Work,"Đi làm, vào ca",Verb,上 = up/on + 班 = shift
2,Công xưởng,下班,Get Off Work,Tan làm,Verb,下 = down/off + 班 = shift
3,Công xưởng,不合格,Unqualified / Fail,Không đạt chuẩn,Adj,不 = not + 合格 = qualified
4,Công xưởng,不锈钢,Stainless Steel,Thép không gỉ,Noun,不 = not + 锈 = rust + 钢 = steel
5,Công xưởng,临时工,Temporary Worker,Công nhân thời vụ,Noun,临时 = temporary + 工 = worker
6,Công xưởng,主管,Supervisor,Quản lý bộ phận,Noun,主 = main + 管 = manage
7,Công xưởng,事假,Personal Leave,Nghỉ việc riêng,Noun,事 = personal matter + 假 = leave
8,Công xưởng,事故,Accident / Incident,"Tai nạn, sự cố",Noun,事 = matter + 故 = event
9,Công xưởng,交货,Deliver Goods,Giao hàng,Verb,交 = hand over + 货 = goods
10,Công xưởng,交货期,Delivery Deadline,Thời hạn giao hàng,Noun,交货 = deliver + 期 = deadline
11,Công xưởng,产品,Product,Sản phẩm,Noun,产 = produce + 品 = item
12,Công xưởng,产量,Output / Yield,Sản lượng,Noun,产 = produce + 量 = quantity
13,Công xưởng,仓库,Warehouse,Kho hàng,Noun,仓 = storehouse + 库 = storage
14,Công xưởng,仓库盘点,Inventory Check,Kiểm kê kho,Noun,仓库 = warehouse + 盘点 = stocktake
15,Công xưởng,仓库管理员,Warehouse Keeper,Thủ kho,Noun,仓库 = warehouse + 管理 = manage + 员 = person
16,Công xưởng,会计师,Accountant,Kế toán viên,Noun,会计 = accounting + 师 = expert
17,Công xưởng,传送带,Conveyor Belt,Băng chuyền,Noun,传送 = transport + 带 = belt
18,Công xưởng,供应,Supply,Cung ứng,Verb,供 = provide + 应 = respond
19,Công xưởng,供应链,Supply Chain,Chuỗi cung ứng,Noun,供应 = supply + 链 = chain
20,Công xưởng,保险,Insurance,Bảo hiểm,Noun,保 = protect + 险 = risk
21,Công xưởng,停机,Shut Down / Stop Machine,Dừng máy,Verb/Noun,停 = stop + 机 = machine
22,Công xưởng,冷加工,Cold Working,Gia công nguội,Noun,冷 = cold + 加工 = process
23,Công xưởng,出勤,Attendance,Đi làm đầy đủ,Noun,出 = appear + 勤 = duty
24,Công xưởng,切割机,Cutting Machine,Máy cắt,Noun,切割 = cut + 机 = machine
25,Công xưởng,制造,Manufacture,Chế tạo,Verb,制 = make + 造 = build
26,Công xưởng,加工,Process / Machining,Gia công,Verb,加 = add + 工 = work
27,Công xưởng,加班,Work Overtime,Làm thêm giờ,Verb/Noun,加 = add + 班 = work shift
28,Công xưởng,半成品,Semi-finished Product,Sản phẩm bán hoàn thành,Noun,半 = half + 成品 = finished goods
29,Công xưởng,危险,Danger,Nguy hiểm,Noun/Adj,危 = endanger + 险 = risk
30,Công xưởng,厂,Plant / Works,"Xưởng, nhà máy",Noun,厂 = building/works
31,Công xưởng,厂长,Factory Director,Giám đốc nhà máy,Noun,工厂 = factory + 长 = chief
32,Công xưởng,压力,Pressure,Áp lực,Noun,压 = press + 力 = force
33,Công xưởng,厚度,Thickness,Độ dày,Noun,厚 = thick + 度 = degree
34,Công xưởng,原料,Raw Material,Nguyên liệu,Noun,原 = original + 料 = material
35,Công xưởng,叉车,Forklift,Xe nâng hàng,Noun,插 = insert + 车 = vehicle
36,Công xưởng,发货,Ship Goods,Gửi hàng,Verb,发 = send + 货 = goods
37,Công xưởng,合同,Contract,Hợp đồng,Noun,合 = unite + 同 = same
38,Công xưởng,合同工,Contract Worker,Công nhân hợp đồng,Noun,合同 = contract + 工 = worker
39,Công xưởng,合格,Qualified / Pass,Đạt chuẩn,Adj,合 = fit + 格 = standard
40,Công xưởng,合格率,Pass Rate,Tỷ lệ đạt chuẩn,Noun,合格 = pass + 率 = rate
41,Công xưởng,启动,Start / Launch,Khởi động,Verb,启 = open + 动 = move
42,Công xưởng,喷漆,Spray Paint,Phun sơn,Verb,喷 = spray + 漆 = paint
43,Công xưởng,噪音,Noise,Tiếng ồn,Noun,噪 = noise + 音 = sound
44,Công xưởng,回收,Recycle / Retrieve,"Thu hồi, tái chế",Verb,回 = return + 收 = collect
45,Công xưởng,型号,Model / Type,"Kiểu mẫu, mã hiệu",Noun,型 = mold + 号 = number
46,Công xưởng,培训,Training,Đào tạo,Noun/Verb,培 = cultivate + 训 = drill
47,Công xưởng,塑料,Plastic,Nhựa,Noun,塑 = mold + 料 = material
48,Công xưởng,奖金,Bonus,"Thưởng, phụ cấp",Noun,奖 = prize + 金 = money
49,Công xưởng,学徒,Apprentice,Người học việc,Noun,学 = learn + 徒 = disciple
50,Công xưởng,安全,Safety,An toàn,Noun/Adj,安 = peace + 全 = complete
51,Công xưởng,安全带,Safety Belt,Dây an toàn,Noun,安全 = safe + 带 = belt
52,Công xưởng,安全帽,Safety Helmet,Mũ bảo hộ,Noun,安全 = safety + 帽 = hat
53,Công xưởng,安排,Arrange,Sắp xếp,Verb,安 = set + 排 = arrange
54,Công xưởng,小心滑倒,Caution Wet Floor,Cẩn thận trượt,Phrase,小心 = careful + 滑 = slip + 倒 = fall
55,Công xưởng,尺寸,Dimensions,Kích thước,Noun,尺 = ruler + 寸 = inch
56,Công xưởng,工人,Worker,Công nhân,Noun,工 = work + 人 = person
57,Công xưởng,工具,Tool,Dụng cụ,Noun,工 = work + 具 = implement
58,Công xưởng,工厂,Factory,"Nhà máy, công xưởng",Noun,工 = worker + 厂 = facility
59,Công xưởng,工序,Working Procedure,Công đoạn,Noun,工 = work + 序 = sequence
60,Công xưởng,工程师,Engineer,Kỹ sư,Noun,工 = skill + 程 = process + 师 = expert
61,Công xưởng,工艺流程,Process Flow,Quy trình công nghệ,Noun,工艺 = technology + 流程 = flow
62,Công xưởng,工资,Wage / Salary,Lương,Noun,工 = work + 资 = fund
63,Công xưởng,工龄,Years of Service,Thâm niên,Noun,工 = work + 龄 = age
64,Công xưởng,库存,Inventory / Stock,Tồn kho,Noun,库 = warehouse + 存 = store
65,Công xưởng,应急出口,Emergency Exit,Lối thoát hiểm,Noun,应急 = emergency + 出口 = exit
66,Công xưởng,废料,Scrap / Waste Material,Phế liệu,Noun,废 = waste + 料 = material
67,Công xưởng,废气,Exhaust Gas,Khí thải,Noun,废 = waste + 气 = gas
68,Công xưởng,废水,Wastewater,Nước thải,Noun,废 = waste + 水 = water
69,Công xưởng,强度,Strength,Độ bền,Noun,强 = strong + 度 = degree
70,Công xưởng,急救,First Aid,Cấp cứu,Noun,紧 = urgent + 救 = rescue
71,Công xưởng,成品,Finished Product,Sản phẩm hoàn chỉnh,Noun,成 = complete + 品 = product
72,Công xưởng,成本,Cost,"Chi phí, giá thành",Noun,成 = complete + 本 = root
73,Công xưởng,成本控制,Cost Control,Kiểm soát chi phí,Noun,成本 = cost + 控制 = control
74,Công xưởng,打包机,Baler / Packing Machine,Máy đóng gói,Noun,打包 = pack + 机 = machine
75,Công xưởng,扳手,Wrench / Spanner,Cờ lê,Noun,扳 = pull/turn + 手 = hand
76,Công xưởng,批准,Approve,Phê duyệt,Verb,批 = comment + 准 = approve
77,Công xưởng,技工,Skilled Worker,Công nhân kỹ thuật,Noun,技 = skill + 工 = worker
78,Công xưởng,技术员,Technician,Nhân viên kỹ thuật,Noun,技术 = technique + 员 = person
79,Công xưởng,抛光,Polishing,Đánh bóng,Verb,抛 = throw + 光 = light
80,Công xưởng,报废,Scrap / Discard,"Loại bỏ, thanh lý",Verb,报 = report + 废 = scrap
81,Công xưởng,报表,Report Form,Báo cáo,Noun,报 = report + 表 = form
82,Công xưởng,抽样检验,Sampling Inspection,Kiểm tra lấy mẫu,Noun,抽样 = sample + 检验 = inspect
83,Công xưởng,拉力,Tensile Force,Lực kéo,Noun,拉 = pull + 力 = force
84,Công xưởng,持续改进,Continuous Improvement,Cải tiến liên tục,Noun,持续 = continuous + 改进 = improve
85,Công xưởng,损耗,Loss / Waste,Hao hụt,Noun,损 = damage + 耗 = consume
86,Công xưởng,操作,Operate / Manipulate,"Vận hành, thao tác",Verb,操 = handle + 作 = do
87,Công xưởng,操作员,Operator,Người vận hành máy,Noun,操作 = operate + 员 = person
88,Công xưởng,操作规程,Operating Procedures,Quy trình vận hành,Noun,操作 = operate + 规程 = rules
89,Công xưởng,收货,Receive Goods,Nhận hàng,Verb,收 = receive + 货 = goods
90,Công xưởng,故障,Breakdown / Fault,"Hỏng hóc, sự cố",Noun,故 = incident + 障 = obstacle
91,Công xưởng,效率,Efficiency,Hiệu suất,Noun,效 = effective + 率 = rate
92,Công xưởng,效率提升,Efficiency Boost,Nâng cao hiệu suất,Noun,效率 = efficiency + 提升 = improve
93,Công xưởng,数据分析,Data Analysis,Phân tích dữ liệu,Noun,数据 = data + 分析 = analyze
94,Công xưởng,早退,Leave Early,Về sớm,Verb,早 = early + 退 = leave
95,Công xưởng,旷工,Absenteeism,Nghỉ không phép,Noun,矿 = mine (analogy: absent)
96,Công xưởng,晋升,Promotion,Thăng chức,Noun/Verb,晋 = advance + 升 = rise
97,Công xưởng,机器,Machine,Máy móc,Noun,木 = wood + 几 = table/stand
98,Công xưởng,材料,Material,Nguyên vật liệu,Noun,木 = wood + 才 = material
99,Công xưởng,标准,Standard,Tiêu chuẩn,Noun,标 = mark + 准 = criterion
100,Công xưởng,标准化,Standardization,Tiêu chuẩn hóa,Noun,标准 = standard + 化 =-ize
101,Công xưởng,树脂,Resin,Nhựa thông,Noun,树 = tree + 脂 = fat/resin
102,Công xưởng,校准,Calibrate,Hiệu chuẩn,Verb,校 = check + 准 = standard
103,Công xưởng,检查,Inspect / Check,Kiểm tra,Verb,检 = examine + 查 = investigate
104,Công xưởng,检验,Inspect / Test,"Kiểm tra, nghiệm thu",Verb,检 = check + 验 = examine
105,Công xưởng,模具,Mold / Die,Khuôn mẫu,Noun,木 = wood + 具 = tool
106,Công xưởng,橡胶,Rubber,Cao su,Noun,木 = wood + 象 + 欠
107,Công xưởng,次品率,Defect Rate,Tỷ lệ sản phẩm lỗi,Noun,次 = defective + 品 = item + 率 = rate
108,Công xưởng,步骤,Step / Procedure,Bước,Noun,步 = pace + 骤 = quick
109,Công xưởng,污染,Pollution,Ô nhiễm,Noun/Verb,污 = dirty + 染 = infect
110,Công xưởng,注意,Pay Attention,Chú ý,Verb,注 = focus + 意 = mind
111,Công xưởng,流程,Process / Flow,Quy trình,Noun,流 = flow + 程 = course
112,Công xưởng,涂料,Coating,"Chất phủ, sơn",Noun,涂 = spread + 料 = material
113,Công xưởng,消防,Firefighting,Phòng cháy chữa cháy,Noun,消 = extinguish + 防 = prevent
114,Công xưởng,清洁,Clean / Cleanliness,"Vệ sinh, sạch sẽ",Adj/Verb,清 = clear + 洁 = pure
115,Công xưởng,温度,Temperature,Nhiệt độ,Noun,温 = warm + 度 = degree
116,Công xưởng,湿度,Humidity,Độ ẩm,Noun,湿 = damp + 度 = degree
117,Công xưởng,灭火器,Fire Extinguisher,Bình chữa cháy,Noun,灭火 = put out fire + 器 = device
118,Công xưởng,灰尘,Dust,Bụi bẩn,Noun,灰 = ash + 尘 = dust
119,Công xưởng,热处理,Heat Treatment,Xử lý nhiệt,Noun,热 = heat + 处理 = process
120,Công xưởng,物料清单,BOM / Bill of Materials,Bảng kê nguyên vật liệu,Noun,物料 = materials + 清单 = list
121,Công xưởng,玻璃,Glass,"Kính, thủy tinh",Noun,王 + 皮 + 瓦
122,Công xưởng,班长,Foreman,Quản đốc ca,Noun,班 = shift + 长 = chief
123,Công xưởng,生产,Produce / Production,Sản xuất,Verb/Noun,生 = give birth + 产 = produce
124,Công xưởng,生产周期,Production Cycle,Chu kỳ sản xuất,Noun,生产 = produce +
125,Công xưởng,生产率,Productivity,Năng suất lao động,Noun,生产 = produce + 率 = rate
126,Công xưởng,生产线,Production Line,Dây chuyền sản xuất,Noun,生产 = produce + 线 = line
127,Công xưởng,电压,Voltage,Điện áp,Noun,电 = electricity + 压 = pressure
128,Công xưởng,电流,Electric Current,Dòng điện,Noun,电 = electric + 流 = flow
129,Công xưởng,电焊机,Welding Machine,Máy hàn,Noun,电 = electric + 焊 = weld + 机 = machine
130,Công xưởng,电镀,Electroplating,Điện mạ,Verb,电 = electric + 镀 = plate
131,Công xưởng,病假,Sick Leave,Nghỉ ốm,Noun,病 = sick + 假 = leave
132,Công xưởng,监督,Supervise,Giám sát,Verb,监 = watch + 督 = oversee
133,Công xưởng,硬度,Hardness,Độ cứng,Noun,硬 = hard + 度 = degree
134,Công xưởng,禁止入内,No Entry,Cấm vào,Phrase,禁 = forbid + 止 = stop + 入 = enter + 内 = inside
135,Công xưởng,福利,Welfare,Phúc lợi,Noun,福 = blessing + 利 = benefit
136,Công xưởng,空压机,Air Compressor,Máy nén khí,Noun,空气 = air + 压 = press + 机 = machine
137,Công xưởng,管理员,Manager,Quản lý viên,Noun,管理 = manage + 员 = person
138,Công xưởng,精确度,Precision,Độ chính xác,Noun,精确 = precise + 度 = degree
139,Công xưởng,纤维,Fiber,Sợi,Noun,纟 + 千 + 維
140,Công xưởng,组装,Assemble,Lắp ráp,Verb,组 = group + 装 = install
141,Công xưởng,组长,Team Leader,Tổ trưởng,Noun,组 = group + 长 = chief
142,Công xưởng,经理,Manager,Quản lý,Noun,经 = manage + 理 = arrange
143,Công xưởng,统计,Statistics / Count,Thống kê,Noun/Verb,统 = unify + 计 = count
144,Công xưởng,维修,Maintain / Repair,"Bảo trì, sửa chữa",Verb,维 = maintain + 修 = repair
145,Công xưởng,维修工,Maintenance Worker,Thợ bảo trì,Noun,维修 = repair + 工 = worker
146,Công xưởng,维护保养,Maintenance,Bảo trì định kỳ,Noun,维护 = maintain + 保养 = care
147,Công xưởng,缺陷,Defect / Flaw,"Khuyết tật, lỗi",Noun,缺 = lack + 陷 = defect
148,Công xưởng,自动化,Automation,Tự động hóa,Noun,自动 = automatic + 化 =-ize
149,Công xưởng,节能,Energy Saving,Tiết kiệm năng lượng,Noun,节 = save + 能 = energy
150,Công xưởng,节能减排,Energy Conservation & Emission Reduction,Tiết kiệm năng lượng giảm phát thải,Phrase,节约 = save + 能源 = energy + 减排 = reduce emission
151,Công xưởng,螺丝刀,Screwdriver,Tua vít,Noun,螺丝 = screw + 刀 = knife/blade
152,Công xưởng,补贴,Subsidy,Trợ cấp,Noun,补 = supplement + 贴 = subsidize
153,Công xưởng,装配,Assemble,Lắp ráp,Verb,装 = install + 配 = match
154,Công xưởng,规格,Specifications,"Quy cách, thông số",Noun,规 = rule + 格 = standard
155,Công xưởng,规格型号,Specs & Model,Quy cách và mã hiệu,Noun,规格 = spec + 型号 = model
156,Công xưởng,警告,Warning,Cảnh báo,Noun/Verb,警 = alert + 告 = announce
157,Công xưởng,警告标志,Warning Sign,Biển báo cảnh cáo,Noun,警告 = warning + 标志 = sign
158,Công xưởng,计划,Plan,Kế hoạch,Noun,计 = calculate + 划 = draw
159,Công xưởng,订单,Order / Purchase Order,Đơn hàng,Noun,订 = subscribe + 单 = form
160,Công xưởng,记录,Record / Note,Ghi chép,Noun/Verb,记 = remember + 录 = record
161,Công xưởng,设备,Equipment,Thiết bị,Noun,设 = arrange + 备 = prepare
162,Công xưởng,设计师,Designer,Nhà thiết kế,Noun,设计 = design + 师 = expert
163,Công xưởng,试用期,Probation Period,Thời gian thử việc,Noun,试用 = try out + 期 = period
164,Công xưởng,误差,Error / Deviation,Sai số,Noun,误 = mistake + 差 = difference
165,Công xưởng,请假,Ask for Leave,Xin nghỉ,Verb,请 = request + 假 = leave
166,Công xưởng,调试,Debug / Commission,"Điều chỉnh, chạy thử",Verb,调 = adjust + 试 = test
167,Công xưởng,负责,Be Responsible,Phụ trách,Verb,负 = bear + 责 = duty
168,Công xưởng,质检员,Quality Inspector,Nhân viên kiểm tra chất lượng,Noun,质量 = quality + 检 = inspect + 员 = person
169,Công xưởng,质量,Quality,Chất lượng,Noun,质 = essence + 量 = measure
170,Công xưởng,质量保证,Quality Assurance,Đảm bảo chất lượng,Noun,质量 = quality + 保证 = guarantee
171,Công xưởng,质量认证,Quality Certification,Chứng nhận chất lượng,Noun,质量 = quality + 认证 = certify
172,Công xưởng,车间,Workshop,Phân xưởng,Noun,车 = machine + 间 = room
173,Công xưởng,运行,Run / Operate,Vận hành,Verb,运 = move + 行 = go
174,Công xưởng,返工,Rework,Làm lại sản phẩm,Verb,返 = return + 工 = work
175,Công xưởng,进度,Progress / Schedule,Tiến độ,Noun,进 = advance + 度 = degree
176,Công xưởng,迟到,Be Late,Đi muộn,Verb,迟 = late + 到 = arrive
177,Công xưởng,通知,Notify / Notice,Thông báo,Verb/Noun,通 = communicate + 知 = inform
178,Công xưởng,通风,Ventilate,Thông gió,Verb,通 = pass through + 风 = wind
179,Công xưởng,配件,Fitting / Accessory,"Phụ tùng, phụ kiện",Noun,配 = match + 件 = part
180,Công xưởng,采购,Purchase / Procurement,Mua hàng,Verb/Noun,采 = gather + 购 = buy
181,Công xưởng,采购员,Purchaser,Nhân viên thu mua,Noun,采购 = buy + 员 = person
182,Công xưởng,重量,Weight,Trọng lượng,Noun,重 = heavy + 量 = measure
183,Công xưởng,钢材,Steel Material,Thép thô,Noun,钢 = steel + 材 = material
184,Công xưởng,钳子,Pliers,Kìm,Noun,钅 = metal radical + 甘 + 口
185,Công xưởng,铁,Iron,Sắt,Noun,钅 = metal radical + 失
186,Công xưởng,铜,Copper,Đồng,Noun,钅 = metal radical + 同
187,Công xưởng,铝合金,Aluminum Alloy,Hợp kim nhôm,Noun,铝 = aluminum + 合 = alloy + 金 = metal
188,Công xưởng,销售员,Salesperson,Nhân viên bán hàng,Noun,销售 = sell + 员 = person
189,Công xưởng,防护,Protection / Shield,Bảo hộ,Verb/Noun,防 = prevent + 护 = protect
190,Công xưởng,防护用品,PPE / Safety Gear,Đồ dùng bảo hộ,Noun,防护 = protect + 用品 = articles
191,Công xưởng,防护镜,Safety Goggles,Kính bảo hộ,Noun,防护 = protect + 镜 = glass
192,Công xưởng,防护鞋,Safety Shoes,Giày bảo hộ,Noun,防护 = protect + 鞋 = shoe
193,Công xưởng,防毒面具,Gas Mask,Mặt nạ phòng độc,Noun,防 = prevent + 毒 = poison + 面具 = mask
194,Công xưởng,陶瓷,Ceramics,Gốm sứ,Noun,阝 + 缶 + 木
195,Công xưởng,零件,Spare Part / Component,"Bộ phận, chi tiết",Noun,零 = fragment + 件 = piece
196,Công xưởng,零缺陷,Zero Defects,Không có lỗi,Noun,零 = zero + 缺陷 = defect
197,Công xưởng,零部件,Components & Parts,Bộ phận chi tiết,Noun,零件 = parts + 部件 = components
198,Công xưởng,高压危险,High Voltage Danger,Điện áp cao nguy hiểm,Phrase,高 = high + 压 = voltage + 危险 = danger
199,HSK 1,一些,Some,Một số,Determiner,"一 = one
 些 = 此 (this) + 二 (two)"
200,HSK 1,一起,Together,Cùng nhau,Adverb,"一 = one
 起 = 走 (walk) + 己 (self)"
201,HSK 1,七,seven,Bảy,numeral,七 (seven) = 一 (one) + small stroke below
202,HSK 1,三,Three,Ba,Number,三 = 一 (one) + 二 (two)
203,HSK 1,三月,March,Tháng Ba,noun,三月 (March) = 三 (three) + 月 (month; moon)
204,HSK 1,上,be engaged at a fixed time,Có hẹn,Verb,"上 = ⺊ (divination) + 一 (one)
 "
205,HSK 1,下,next,dưới,Noun,"下 = 一 (one) + 卜 (divination)
星 = 日 (sun/day) + 生 (life)
期 = 甘 (sweet) + 一 (one) + 八 (eight/divide) + 月 (moon)"
206,HSK 1,不,Not / No,Không,Adverb,不 = a hooked stroke – symbol for negation
207,HSK 1,不少,quite a few,Khá nhiều,adjective / quantifier,"不少 (quite a few) = 不 (not) + 少 (few)  
不 (not) = 一 (one) + 丿 (slash)"
208,HSK 1,不错,OK/nice,Được / Tốt,adjective,"不错 (OK) = 不 (not) + 错 (wrong, mistake)
不 (not) = 一 (one) + 丿 (slash) + 丨 (line)
错 (wrong) = 钅(metal) + 昔 (past)
昔 (past) = 日 (sun) + 廿 (twenty)"
209,HSK 1,专注,focus,Tập trung,verb/adjective,"专注 (focus) = 专 (concentrate) + 注 (concentrate)
专 = 一 (one) + 寸 (inch/hand)
注 = 氵(water) + 主 (master)"
210,HSK 1,两,two,Hai,Number,两 = 一 (one) + 从 (N/A) + 冂 (upside down box)
211,HSK 1,中午,midnoon,Giữa trưa,noun,中午 (midnoon) = 中 (middle) + 午 (noon)
212,HSK 1,中心,center,Trung tâm,Noun,"购 = 贝 (money) + 勾 (hook)
物 = 牛 (cow) + 勿 (not)
 "
213,HSK 1,中文,Chinese,Tiếng Trung,noun/adj,"中文 (Chinese) = 中 (middle) + 文 (writing)
中 (middle) = 口 (mouth/frame) + 丨 (line)
文 (writing) = 亠 (lid) + 乂 (cut/cross)"
215,HSK 1,久,for a long time,Lâu dài,Adjective,久 = 勹 (wrap) + ㇏ (N/A)
216,HSK 1,九,nine,Chín,numeral,九 (nine) = original pictograph of a twisted object → numeral 9
217,HSK 1,九月,September,Tháng Chín,noun,"九月 (September) = 九 (nine) + 月 (moon; month)  
九 (nine) = 乙 (second) + 丿 (slash)"
218,HSK 1,九点,Nine o'clock,Chín giờ,Noun,"九 = 丿 (bend) + ㇈ (N/A) 
点 = ⺊ (divination) + 口 (mouth) + 灬 (fire)"
219,HSK 1,也,too / also,Cũng,adverb,也 (too / also) = 乙(second) / pictograph variant
220,HSK 1,乡下,country,Quốc gia,noun,"乡下 (country) = 乡 (village) + 下 (below)
乡 (village) = ⺷(sheep) + 阝(village)
下 (below) = 一(one) + 卜(divination mark)"
221,HSK 1,书,Book,Sách,Noun,书 = 冖 (cover) + 又 (again/hand)
222,HSK 1,买,buy,Mua,verb,买 (to buy) = 𠂊 (net) + 头 (head)
223,HSK 1,二月,February,Tháng Hai,noun,二月 (February) = 二 (two) + 月 (month; moon)
224,HSK 1,五,Five,Năm,Number,Variant of 二 + horizontal strokes
225,HSK 1,些,Some / Few,Một ít,Measure Word,二 (two) + 止 (stop) + 小 (small)
226,HSK 1,交,submit,Nộp,verb,"交 (submit) = từ đơn, nghĩa là giao, nộp"
227,HSK 1,亮,bright,Sáng,adjective,"亮 (bright) = 高 (tall) + 几 (small table)  
→ nghĩa gốc: ánh sáng từ nơi cao."
228,HSK 1,亲近,close,Đóng / Gần,adjective,"亲近 (close) = 亲 (kin/relative) + 近 (near)
亲 = 见 (see) + 木 (tree)
近 = 辶 (walk) + 斤 (axe)"
229,HSK 1,人,people,Người,noun,人 (people) = 人 (pictograph of a standing person)
230,HSK 1,什么,What,Cái gì,Pronoun,"为 = 力 (power/force) + ⺀ (dot)
什 =  亻 (human) + 十 (ten)"
231,HSK 1,今天,Today,Hôm nay,Noun,今 = 人 (person) + 乛; 天 = 一 (one) + 大 (big)
232,HSK 1,介绍,To introduce,Giới thiệu,Verb,"介 = person between two lines (to go between)
 绍 = 纟 (silk) + 肖 (resemble)"
233,HSK 1,他,he,Anh ấy,pronoun,他 (his / he) = 亻(person) + 也(also)
234,HSK 1,他们,they,Họ,pronoun,"他们 (they) = 他 (he) + 们 (plural suffix)
他 (he) = 亻(person) + 也(also)
们 (plural suffix) = 亻(person) + 门(door)"
235,HSK 1,价钱,price,Giá,noun,"价钱 (price) = 价 (price; value) + 钱 (money)  
价 (price) = 亻(person) + 介 (introduce)  
钱 (money) = 钅(metal) + 戋 (narrow)"
236,HSK 1,会,can,Có thể,modal verb,会 (can) = 人 (person) + 云 (say/speak)
237,HSK 1,住,stay,Ở lại,verb,住 (stay) = 亻 (person) + 主 (main/master)
239,HSK 1,作文,essay,Bài luận,noun,"作文 (essay) = 作 (to make/do) + 文 (writing)
作 = 亻(person) + 乍 (sudden/first)
文 = lines/writing"
240,HSK 1,你,You (normal),Bạn,Pronoun,你 = 亻 (person) + 尔 (you/that)
241,HSK 1,你好,Hello,Xin chào,Greeting,"你好 = 你 (you) + 好 (good)
 你 = 亻(human/person) + 尔 (that)
 好 = 女 (female) + 子 (child)"
242,HSK 1,你的,your,Của bạn,pronoun (possessive),"你的 (your) = 你 (you) + 的 (possessive marker)
的 (possessive marker) = 白 (white) + 勺 (spoon)"
244,HSK 1,保持,keep,Giữ,verb,"保持 (keep) = 保 (protect/maintain) + 持 (hold)
保 = 亻(person) + 呆 (dull → here means preserve)
持 = 扌(hand) + 寺 (temple)"
245,HSK 1,信,letter,Thư,Noun,信 = 亻 (human) + 言 (speech)
246,HSK 1,借,To borrow,Mượn,Verb,亻 (person) + 昔 (past)
247,HSK 1,做,To do / make,Làm,Verb,亻 (person) + 故 (cause)
248,HSK 1,儿子,boy,Nam sinh,noun,"儿子 (boy/son) = 儿(child/son) + 子(child)
儿 (child) = pictograph of a child with legs
子 (child) = pictograph of a baby with large head"
250,HSK 1,先,first,Đầu tiên,Adverb,先 = ⺧ (cow) + 儿 (legs)
251,HSK 1,先生,Mrs,Bà,noun,"先生 (Mrs.) = 先 (first) + 生 (born; person)  
先 (first) = ⺧ (cow head radical) + 儿 (human legs)  
生 (born) = 生 (life; to be born)"
253,HSK 1,八,eight,Tám,numeral,八 (eight) = pictograph of division/split
254,HSK 1,公司,company,Công ty,noun,"公司 (company) = 公 (public) + 司 (to manage)
公 (public) = 八 (to divide) + 厶 (private)
司 (to manage) = 一 (one) + 口 (mouth)"
255,HSK 1,六,Six,Sáu,Number,Top = 八 (divide) + stroke – originally flowing
258,HSK 1,写,To write,Viết,Verb,宀 (roof) + 与 (give) – hand giving words under a roof
262,HSK 1,几,How many,Bao nhiêu (đếm được),Measure word,土 (earth) + 夬 (decisive)
263,HSK 1,分,Minute,Phút,Noun,刀 (knife) + 八 (divide)
264,HSK 1,分钟,minute,Phút,noun,"分钟 (minute) = 分 (divide) + 钟 (clock)  
分 (divide) = 八 (eight) + 刀 (knife)  
钟 (clock) = 钅(metal) + 中 (middle)"
265,HSK 1,刚才,just now,Vừa rồi,adverb,"刚才 (just now) = 刚 (just) + 才 (just; only)  
刚 (just) = 冈 (ridge) + 刀 (knife)  
才 (only) = 一 (one) + 丿 (slash)"
266,HSK 1,到,go to,Đi đến,Verb,到 = 至 (arrive) + 刂 (knife)
267,HSK 1,刷卡,pay by credit card,Thanh toán bằng thẻ,verb,"刷卡 (credit card) = 刷 (swipe) + 卡 (card)  
刷 (swipe) = 刂 (knife) + 尸 (body) + 巾 (cloth)  
卡 (card) = 上 (up) + 下 (down)  (pictograph of something inserted)"
268,HSK 1,刻,Quarter (time),Một phần tư (giờ),Noun,刂 (knife) + 害 (harm/danger)
269,HSK 1,前,before,Trước,Noun,前 = 丷 (eight/divide) + 一 (one) + 月 (moon) + 刂 (knife)
270,HSK 1,包, packaging,Túi / Bao bì / Gói,noun,包 (packaging) = 勹 (wrap) + 巳 (self)
271,HSK 1,包子,Steamed bun,Bánh bao,Noun,"包 = 勹 (wrap) + 巳 (baby)
 子 = child"
272,HSK 1,北边,North side,Phía bắc,Noun,"北 = two people back-to-back
 边 = 辶 (walk) + 力 (strength)"
273,HSK 1,医院,hospital,Bệnh viện,noun,医院 (hospital) = 医 (medical) + 院 (institution)
274,HSK 1,十,Ten,Mười,Number,A single vertical and horizontal stroke (cross)
275,HSK 1,十三,thirteen,Mười ba,Number,"十三 (thirteen)=十 (ten)+三 (three)
十 (ten)=一 (one)+丨 (line)
三 (three)=一 (one)+一 (one)+一 (one)"
276,HSK 1,十八,eighteen,Mười tám,Number,"十 = 十 (ten)
八 = 八 (eight/divide)"
277,HSK 1,午夜,midnight,Nửa đêm,adjective,午夜 (midnight) = 午 (noon) + 夜 (night)  
278,HSK 1,半,half,Một nửa,Numeral,半 = 二 (two) +丨 (line) + 丷 (eight/divide)
279,HSK 1,半夜,midnight,Nửa đêm,noun,半夜 (midnight) = 半 (half) + 夜 (night)
280,HSK 1,即将,about,Khoảng,adverb,"即将 (be about to) = 即 (approach) + 将 (will; about to)  
即 (approach) = 卩 (seal) + 皀 (fragrant; white)  
将 (will; about to) = 爿 (bed board) + 丬 (split wood) + 寸 (inch)"
282,HSK 1,去,To go,Đi,Verb,去 = 土 (earth) + 厶 (private)
283,HSK 1,友好,friendly,Thân thiện,adjective,"友好 (friendly) = 友 (friend) + 好 (good)
友 = 又(again/hand) + 一(one)
好 = 女(woman) + 子(child)"
284,HSK 1,发,send,Gửi,verb,发 (send) = 又 (hand) + 丿 (slash) + ㇇ (bend stroke)  
285,HSK 1,取,take,Mang / lấy,Verb,取 = 耳 (ear) + 又 (right hand)
287,HSK 1,叫,To be called,Được gọi là,Verb,叫 = 口 (mouth) + 丩 (twist)
288,HSK 1,可乐,Cola,Coca Cola,Noun,"可 = mouth + nail
 乐 = joy/music"
289,HSK 1,号,date (day of month),Ngày (trong tháng),noun,号 (date) = 口 (mouth) + 丂 (breath; sound)
290,HSK 1,司机,driver,Tài xế,noun,"司机 (driver) = 司 (to control) + 机 (machine)
司 (to control) = 一 (one) + 口 (mouth) + 人 (person)
机 (machine) = 木 (wood) + 几 (table)"
291,HSK 1,吃,eating,Ăn,verb,"吃 (eat) = 口 (mouth) + 乞 (beg)
乞 (beg) = 人 (person) + 乙 (second, curved stroke)"
292,HSK 1,名字,Name,Tên,Noun,"名 = 夕 (evening) + 口 (mouth)
 字 = 宀 (roof) + 子 (child)"
293,HSK 1,后,after / later,Sau,preposition,后 (after; later) = ⼈ (person) + 幺 (small thread radical)
294,HSK 1,吧,(suggestion particle),trợ từ gợi ý (nhé / đi),Particle,"口 (mouth) + 巴 (cling, phonetic)"
295,HSK 1,听,To listen,Nghe,Verb,耳 (ear) + 王 (king) + 心 (heart)
296,HSK 1,吹,blow,Thổi,verb,吹 (to blow) = 口 (mouth) + 欠 (to yawn; to exhale)
297,HSK 1,咖啡,coffee,Cà phê,noun,"咖啡 (coffee) = 咖 (coffee sound) + 啡 (coffee sound)
咖 = 口 (mouth) + 加 (add)
啡 = 口 (mouth) + 非 (not)"
298,HSK 1,我们,We,Chúng tôi,Pronoun,"咱 = 口 (mouth) + 自 (self)
 们 = 亻 + 门 (door)"
300,HSK 1,哪儿,Where,Ở đâu,Adverb,"哪 = 口 (mouth) + 那 (that)
 儿 = child radical"
301,HSK 1,哭,cry,Khóc,verb,哭 (cry) = 口 (mouth) + 犬 (dog)
302,HSK 1,唱,To sing,Hát,Verb,口 (mouth) + 昌 (bright)
303,HSK 1,啊,a,Một,particle,"啊 (a / particle) = 口 (mouth) + 阿 (phonetic component)  
阿 (phonetic) = 阝 (hill; mound) + 可 (can; possible)"
304,HSK 1,啤酒,beer,Bia,noun,"啤酒 (beer) = 啤 (beer sound) + 酒 (alcohol)
啤 = 口 (mouth) + 卑 (low/humble)
酒 (alcohol) = 氵(water) + 酉 (wine jar)"
305,HSK 1,喂,Hello (on phone),A lô,Interjection,口 (mouth) + 畏 (fear)
306,HSK 1,喜欢,like,Thích,verb,"喜欢 (like) = 喜 (happy) + 欢 (joyful)
喜 (happy) = 壴 (drum) + 口 (mouth)
欢 (joyful) = 又 (hand/again) + 欠 (yawn/lack)"
307,HSK 1,喝,drink,Uống,verb,"喝 (drink) = 口 (mouth) + 曷 (why / phonosemantic)
曷 (why) = 曰 (say/sun-like form) + 匃 (cover shape)"
308,HSK 1,四,four,Bốn,number,四 (four) = 囗(enclosure) + 儿(person radical)
309,HSK 1,回来,come back,Quay lại,verb,"回来 (come back) = 回 (return) + 来 (come)  
回 (return) = 囗 (enclosure) + 口 (mouth)  
来 (come) = 木 (tree) + 丷 (two dots radical)"
312,HSK 1,国,Country,Quốc gia,Noun,囗 (enclosure) + 玉 (jade)
313,HSK 1,在,At,Ở / Tại,Verb,土 (earth) + 才 (just)
314,HSK 1,坐,take a seat,Mời ngồi,Verb,坐 = 土 (earth) + 从 (N/A
315,HSK 1,城市,city,Thành phố,noun,"城市 (city) = 城 (city wall) + 市 (market)
城 = 土(earth) + 成(accomplish)
市 = 亠(lid) + 巾(cloth/market banner)"
316,HSK 1,墙,wall,Tường,Noun,墙 = 土 (earth) + 土 (earth) + 丷 (eight/divide) + 回 (N/A)
317,HSK 1,漂亮,beautiful,Đẹp,Adjective,"美丽 (beautiful)=美 (beauty)+丽 (pretty)
美 (beauty)=羊 (sheep)+大 (big)
丽 (pretty)=一 (one)+冂 (open)+一 (one)+丿 (slash)+一 (one)"
319,HSK 1,多,plenty,Nhiều,adverb,多 (plenty) = 夕 (evening) + 夕 (evening)
320,HSK 1,多少,How much,Bao nhiêu tiền,Pronoun,"多 = 夕 (evening) + 夕
 少 = small with hook"
321,HSK 1,大,big,Lớn,adjective,大 (big) = person with outstretched arms (pictograph)
324,HSK 1,太,too ,Quá / Rất,adverb,太 (too) = 乚 (bend) + 匕 (spoon)
325,HSK 1,女,Girl,Cô gái,Noun," 女 = 女 (woman)
"
326,HSK 1,女生,girl (female student),Nữ sinh,noun,"女生 (girl) = 女 (female) + 生 (to be born/student)
女 (female) = pictograph of a kneeling woman
生 (to be born) = 一(one) + 丨(line) + 土(earth)"
327,HSK 1,奶茶,Milk tea,Trà sữa,Noun,"奶 = 女 (woman) + ㇎ (N/A) + 丿 (bend)
茶 = 艹 (grass) + 人 (human) + 十 (ten) + 小 (small)"
328,HSK 1,好,Good,Tốt,Adjective,好 = 女 (female) + 子 (child)
330,HSK 1,好闻,smell good,Thơm,adjective,"好闻 (smell good) = 好 (good) + 闻 (smell)
好 = 女 (woman) + 子 (child)
闻 = 门 (door) + 耳 (ear)"
333,HSK 1,学校,school,Trường học,noun,"学校 (school) = 学 (study) + 校 (school/examine)
学 (study) = 宀 (roof) + 子 (child) + 爻 (to compare)
校 (school/examine) = 木 (wood) + 交 (to mix)"
334,HSK 1,学生,student,Học sinh,noun,"学生 (student) = 学 (study) + 生 (life)
学 (study) = 宀 (roof) + 子 (child) + 冖 (cover)
生 (life) = 一 (one) + 丿 (slash) + | (vertical line)"
336,HSK 1,它,it,Nó,pronoun,"它 (it) = 宀 (roof radical, shelter) + 匕 (spoon shape) "
337,HSK 1,完,finish,Hoàn thành, Verb,完 = 宀 (roof) + 二 (two) + 儿 (legs)
338,HSK 1,完成,complete,Hoàn thành,adjective,"完整 (complete) = 完 (whole) + 整 (orderly)
完 = 宀 (roof) + 元 (origin)
整 = 正 (correct) + 攵 (action)"
340,HSK 1,家,family,Gia đình,noun,"家 (home/family) = 宀 (roof, semantic) + 豕 (pig, semantic)"
341,HSK 1,家人,Family members,Thành viên gia đình,Noun,"家 = 宀 (roof) + 豕 (pig)
 人 = person"
342,HSK 1,寄,send; post; mail,Gửi,Verb,寄 = 宀 (roof) + 大 (big) + 一 (one) + 亅 (hook) +  口 (mouth)
343,HSK 1,对,Yes/Correct,Đúng,Verb,寸 (hand) + 又 (again) – aligned precisely
344,HSK 1,小,small,Nhỏ,adjective,小 (small) = three small strokes (pictograph of tiny things)
345,HSK 1,小明,Xiao Ming,Tiểu Minh,Noun,"小 = 小 (small)
明 = 日 (sun/day) + 月 (moon)"
346,HSK 1,小狗,puppy,Chó con,noun,"小狗 (puppy) = 小 (small) + 狗 (dog)  
狗 (dog) = 犭 (animal) + 句 (sentence)"
347,HSK 1,小猫,kitten,Mèo con,noun,"小猫 (kitten) = 小 (small) + 猫 (cat)  
猫 (cat) = 犭 (animal) + 苗 (sprout)"
349,HSK 1,少,little,Nhỏ / Ít,adjective,少 (little) = 小 (small) + 丿 (slash)
350,HSK 1,就,Just,Chỉ / Vừa mới,Adverb,尤 (especially) + 京 (capital)
351,HSK 1,尴尬,embarrassing,Ngại / Xấu hổ,adjective,"尴尬 (embarrassing) = 尴 (awkward) + 尬 (awkward)
尴 (awkward) = 尸 (corpse) + 监 (inspect)
监 (inspect) = 皿 (dish) + 𠔉 (cover)
尬 (awkward) = 尸 (corpse) + 介 (between)
介 (between) = 人 (person) + 丿 (slash)"
352,HSK 1,尺码,size,Kích cỡ,noun,"尺码 (size) = 尺 (ruler) + 码 (code; number)  
尺 (ruler) = 尸 (body) + 丿 (stroke)  
码 (code) = 石 (stone) + 马 (horse)"
354,HSK 1,山,mountain,Núi,noun,"山 (mountain) = 山 (basic radical, pictograph itself)"
355,HSK 1,岁,Years old,Tuổi,Noun,山 (mountain) + evening + small components
356,HSK 1,工作,Job,Công việc,Noun,工 = work; 作 = person + yesterday (as verb)
357,HSK 1,左边,Right side,Bên phải,Noun,"右 = 口 (mouth) + 又 (hand)
 边 = see above"
358,HSK 1,差,to be short of,Thiếu,Verb/Adjective,羊 (sheep) + 工 (work)
360,HSK 1,帮,help,Giúp đỡ,Verb,帮 = 一 (one) + 二 (two) + 丨 (line) + 阝 (town) + 巾 (turban/scarf)
361,HSK 1,常,often,Thường xuyên,Adverb,常 = ⺌ (small) + 冖 (cover) + 口 (mouth) + 巾 (turban/scarf)
362,HSK 1,常见,common,Phổ biến,adjective,"常见 (common) = 常 (usual) + 见 (see)  
常 (usual) = ⺌ (small) + 巾 (cloth) + 尚 (still)  
见 (see) = 目 (eye) + 儿 (legs radical)"
363,HSK 1,干,dry,Khô,adjective,干 (dry) = 一 (one) + 十 (ten)
364,HSK 1,年,Year,Năm,Noun,Derived from 禾 (grain) + person holding → harvest cycle
367,HSK 1,床,bed,Giường,noun,床 (bed) = 广 (shelter) + 木 (wood)
368,HSK 1,店,Shop,Cửa hàng,Noun,广 (shelter) + 占 (occupy)
370,HSK 1,开,drive,Lái xe,verb,开 (drive; open) = 一 (one) + 廾 (two hands)
373,HSK 1,当,work as,Làm việc với vai trò,Verb,当 = ⺌ (small) + 彐 (pig snout)
374,HSK 1,往,go,Đi,Verb,往 = 彳 (step) + 王 (jade) + 丶 (dot)
375,HSK 1,很,Very,Rất,Adverb,彳 (step) + 艮 (stopping)
376,HSK 1,得  ,take; catch,Bắt / Đi (xe),Verb,得 = 彳 (step) + 日 (sun/day) + 一 (one) + 寸 (thumb)
378,HSK 1,心,mind,Tâm trí,noun,心 (mind) = 丿(stroke) + 小(small) +丶(dot)
379,HSK 1,忙,Busy,Bận,Adjective,心 (heart) + 忙 (phonetic)
380,HSK 1,快,nearly,Gần như,Adverb,快 (nearly) = 忄 (heart/feeling) + 夬 (decisive/quick)
381,HSK 1,怎么,How,Như thế nào,Pronoun,"怎 = 心 (heart) + 乍 (sudden)
 么 = simplified of 麽 (small)"
384,HSK 1,您,You (polite),Bạn / Ngài (lịch sự),Pronoun,"您 = 你 (you) + 心 (heart, written as 忄)
 你 = 亻 (human/person) + 尔 (that)"
385,HSK 1,您好,Hello (polite),Xin chào (lịch sự),Greeting,"您好 = 您 (you) + 好 (good)
您 =  亻 (human) + ⺈ (knife) + 小 (small) + 心 (heart)
好 = 女 (female) + 子 (child)"
386,HSK 1,懂,To understand,Hiểu,Verb,忄(heart) + 董 (supervise)
387,HSK 1,成,become,Trở thành, verb,成 = 一 (one) + 丿 (bend) + ㇆ (N/A) + 戈 (spear)
388,HSK 1,我,I / Me,Tôi,Pronoun,我 = 手 (hand) + 戈 (spear)
390,HSK 1,打,play,Chơi,Verb,打 = 扌 (hand) + 一 (one) + 亅 (hook)
391,HSK 1,打包,pack (to go home),Gói mang về,verb,"打包 (pack) = 打 (hit; make) + 包 (wrap)  
打 (hit) = 扌 (hand) + 丁 (nail)  
包 (wrap) = 勹 (wrap) + 巳 (self)"
393,HSK 1,打扫,clean,Sạch,verb,打扫 (clean) = 打 (do/strike) + 扫 (sweep)
394,HSK 1,找,To look for,Tìm kiếm,Verb,手 (hand) + 另 (another)
395,HSK 1,找钱, change,Trả lại tiền thừa / Tìm tiền,verb,"找钱 (change) = 找 (look for; give) + 钱 (money)  
找 (look for) = 扌(hand) + 戈 (weapon)  
钱 (money) = 钅(metal) + 戋 (narrow)"
396,HSK 1,把,measure word,Lượng từ,preposition,把 (measure word / hold) = 扌(hand) + 巴(to cling)
399,HSK 1,拍,take (a picture),Chụp ảnh,Verb,拍 = 扌 (hand) + 白 (white)
400,HSK 1,拐,turn,Rẽ,Verb,拐 = 扌 (hand) + 口 (mouth) + 力 (power/force)
401,HSK 1,拿,hold; take,Cầm; mang,Verb,拿 = 人 (human) + 一 (one) + 口 (mouth) + 手 (hand)
402,HSK 1,换,To exchange,Trao đổi,Verb,扌 (hand) + 奂 (exchange component)
403,HSK 1,接,connect,Kết nối,Verb,接 = 扌 (hand) + 立 (stand erect) + 女 (woman)
407,HSK 1,放,put ,Đặt / Để / Thả / Phóng (nghĩa đa nghĩa tùy ngữ cảnh),verb,放 (put; release) = 攵 (action; tap radical) + 方 (square; direction)
411,HSK 1,整,exactly,Chính xác,Adverb,整 (exactly) = 正 (correct) + 攵 (action/strike)
412,HSK 1,新,New,Mới,Adjective,新 = 立 (stand erect) + 十 (ten) + 小 (small) + 斤 (axe)
414,HSK 1,旧,Old,Cũ,Adjective,旧 = 丨 (line) + 日 (sun/day)
415,HSK 1,早,early,Sớm,Adjective,早 = 日 (sun) + 十 (ten)
416,HSK 1,早上,Morning,Buổi sáng,Noun,"早 = 日 (sun) + 十 (ten)
 上 = 一 (one) + 丨 (line)"
417,HSK 1,时候,Time / moment,Thời gian / Khoảnh khắc,Noun,"时 = 日 (sun) + 寸 (inch)
 候 = 亻 (person) + 侯 (wait)"
418,HSK 1,明天,Tomorrow,Ngày mai,Noun,"明 = 日 (sun) + 月 (moon)
 天 = 一 (one) + 大 (big)"
419,HSK 1,星期,day (of the week),Thứ,noun,"星期 (week) = 星 (star) + 期 (period; time)  
星 (star) = 日 (sun) + 生 (birth)  
期 (period; time) = 其 (it; that) + 月 (moon)"
420,HSK 1,是,To be,Là,Verb,是 = 日 (sun) + 正 (correct)
421,HSK 1,是的,Yes (to confirm),Vâng / Đúng,Adverb,"是 = 日 (sun/day) + 一 (one) + 龰 (N/A)
的 = 白 (white) + 勹 (wrap) + 丶 (dot)"
422,HSK 1,晕,faint,Ngất,verb/adjective,"晕 (faint) = 日 (sun) + 军 (army)  
军 (army) = 冖 (cover) + 车 (vehicle)"
423,HSK 1,晴天,Sunny day,Trời nắng,Noun,"晴天 (sunny day)=晴 (clear)+天 (sky)
晴 (clear)=日 (sun)+青 (green/blue)
青 (green/blue)=生 (life)+月 (moon)
天 (sky)=一 (one)+大 (big)"
424,HSK 1,暴风,storm,Bão,Verb,"暴风 (storm)=暴 (violent)+风 (wind)
暴 (violent)=日 (sun)+共 (together)+曰 (say)
风 (wind)=几 (table)+乂 (cross)"
425,HSK 1,更,more,Hơn,Adverb,更 = 一 (one) + 日 (sun/day) + 丨 (line) + 乂 (N/A)
426,HSK 1,最,most,Phần lớn,adverb,"最 (most) = từ đơn, nghĩa là nhất, cực kỳ"
427,HSK 1,最近,Recently,Gần đây,Adverb,"最 = 曰 (say) + 耳 (ear) + 又 (right hand)
近 = 辶 (walk) + 斤 (axe)"
428,HSK 1,月,Month / Moon,Tháng / Mặt trăng,Noun,月 = pictograph of moon
429,HSK 1,月光,moon,Mặt trăng,noun,月光 (moonlight) = 月 (moon) + 光 (light)
430,HSK 1,有,To have,Có,Verb,又 (hand) + 月 (moon)
431,HSK 1,朋友,Friend,Bạn bè,Noun,"朋 = 月 (moon) + 月 (moon)
 友 = 又 (again) + 手 (hand)"
432,HSK 1,机场,airport,Sân bay,noun,"机场 (airport) = 机 (machine) + 场 (field)  
机 (machine) = 木 (wood) + 几 (table; support)  
场 (field) = 土 (earth) + 昜 (sunlight; open)"
433,HSK 1,来,come,Đến,verb,来 (come) = 未 (not yet) + 丷 (two dots)
434,HSK 1,杯,cup; glass,Cốc / Ly,Measure word,杯 = 木 (wood) + 不
435,HSK 1,柜子,cupboard,Tủ,noun,"柜子 (cupboard) = 柜 (cupboard) + 子 (suffix/noun)
柜 (cupboard) = 木(wood) + 匮(deficiency/container)
匮 (container) = 匚(box) + 贵(precious)
贵 (precious) = 中(middle) + 贝(shell, money)
子 (child / noun suffix) = pictograph of a child"
436,HSK 1,查,check,Kiểm tra,Verb,查 = 木 (tree) + 日 (sun/day) + 一 (one)
437,HSK 1,桌子,table,Bàn,noun,"桌子 (table) = 桌 (table) + 子 (suffix/child)
桌 (table) = 木 (wood) + 卓 (outstanding)
卓 (outstanding) = 卜 (divine) + 日 (sun)"
438,HSK 1,棒,good,Tốt,Adjective,棒 = 木 (tree) + 一 (one) + 二 (two) + 丨 (line) + 八 (eight/divide) + 二 (two) + 丨 (line)
439,HSK 1,椅子,chair,Ghế,noun,"椅子 (chair) = 椅 (chair) + 子 (suffix/noun)
椅 (chair) = 木(wood) + 奇(strange)
奇 (strange) = 大(big) + 可(can)
子 (child / noun suffix) = pictograph of a child"
440,HSK 1,楼,Building / floor,Tòa nhà / Tầng,Noun,木 (wood) + 娄 (building radical)
441,HSK 1,楼下,downstairs,Tầng dưới,Noun,"楼 = 木 (tree) + 米 (rice) + 女 (woman)
下 = 一 (one) + 卜 (divination)"
442,HSK 1,欢迎,welcome,Chào mừng,verb,"欢迎 (welcome) = 欢 (joy) + 迎 (to greet)  
欢 (joy) = 又 (hand) + 欠 (to yawn; to exhale)  
迎 (to greet) = 辶 (walk) + 卬 (to lift; raise)"
443,HSK 1,款,style,Phong cách,Noun,"款 = 土 (earth) + 𠂤 (hand/action) + 欠 (lack, owe)"
444,HSK 1,歌,Song,Bài hát,Noun,欠 (yawn) + 哥 (older brother)
445,HSK 1,正,currently,Hiện tại,Adjective,一 (one) + 止 (stop) – proper
446,HSK 1,每天,Every day,Mỗi ngày,Time word,"每 = 母 (mother) + 人
 天 = sky/day"
447,HSK 1,比较,Relatively,Tương đối,Adverb,"比 = compare (two hands)
 较 = 车 (vehicle) + 交 (interact)"
448,HSK 1,水,water,Nước,Noun,水 = 水 (water)
449,HSK 1,求婚,proposal,Cầu hôn,noun,求婚 (proposal) = 求 (ask) + 婚 (marriage)
450,HSK 1,汤,Soup,Canh,Noun,氵 (water) + 昜 (sun shining)
451,HSK 1,没错,that's right,Đúng vậy,,"没 = 氵 (water) + 殳 (weapon/lance)
错 = 钅 (metal/gold) + 艹 (grass) + 一 (one) + 日 (sun/day)"
452,HSK 1,河,river,Sông,Noun,河 = 氵 (water) = 一 (one) + 亅 (hook) + 口 (mouth)
453,HSK 1,油条,Fried dough stick,Bánh quẩy,Noun,"油 = 氵 (water) + 由 (from)
 条 = see above"
454,HSK 1,泰国,Thailand,Thái Lan,pronoun,谁 (who / people) = 讠(speech) + 隹(short-tailed bird)
455,HSK 1,洗,wash,Giặt,Verb,"洗 = 氵 (water) + ⺧ (cow) + 儿 (legs)
"
456,HSK 1,派,send,Gửi,Verb,派 = 氵 (water) + ⺁ (cliff) + 匚 (box)
457,HSK 1,派对,party,Bữa tiệc,noun,"派对 (party) = 派 (faction) + 对 (pair)  
派 (faction) = 氵 (water) + 𣏟 (branch)  
对 (pair) = 寸 (inch) + 又 (hand)"
458,HSK 1,浅,light,Đèn / Ánh sáng,Adjective,浅 = 氵 (water) + 戋 (N/A)
459,HSK 1,浇,water,Nước,Verb,浇 = 氵 (water） + 一 (one) + 儿 (legs)
460,HSK 1,浪漫,romantic,Lãng mạn,verb,浪漫 (romantic) = 浪 (wave) + 漫 (overflowing/free)
461,HSK 1,深,dark,Tối,Verb,"暗 (dark)=日 (sun)+音 (sound)
音 (sound)=立 (stand)+日 (sun)"
462,HSK 1,游泳,swimming,Bơi lội,verb,"游泳 (swimming) = 游 (to swim) + 泳 (to swim)
游 (to swim) = 氵 (water) + 斿 (to travel)
泳 (to swim) = 氵 (water) + 永 (forever)
永 (forever) = 丶 (dot) + 水 (water)"
463,HSK 1,湿,wet,Ướt,adjective,"湿 (wet) = 氵 (water) + 显 (to show)
显 (to show) = 日 (sun) + 业 (business)"
464,HSK 1,演讲,presentation,Thuyết trình,noun,演讲 (presentation) = 演 (perform) + 讲 (speak)
465,HSK 1,炒饭,fried rice,Cơm chiên,Noun,"炒 = 火 (fire) + 小 (small) + 丿 (bend)
饭 = 饣 (eat/food) + ⺁ (cliff) + 又 (right hand)"
466,HSK 1,点,time,Thời gian,noun,点 (hour/time) = 占 (point/mark) + 灬 (fire/dot)
467,HSK 1,烤鸭,roast duck,Vịt quay,noun,"烤鸭 (roast duck) = 烤 (roast) + 鸭 (duck)
烤 (roast) = 火 (fire) + 考 (test/consider)
考 (test) = 老 (old) + 丂 (breath obstruction)
鸭 (duck) = 甲 (armor) + 鸟 (bird)"
468,HSK 1,热,Hot,Nóng,Adjective,灬 (fire) + 执 (hold) → intense heat
469,HSK 1,热闹,bustle,Nhộn nhịp,adjective,"热闹 (bustle) = 热 (hot) + 闹 (noisy)
热 (hot) = 扌(hand) + 丸(pellet) + 灬(fire)
闹 (noisy) = 门(door) + 市(market)"
470,HSK 1,熊,bear,Gấu,noun,"熊 (bear) = 能 (ability) + 火 (fire)
能 (ability) = 匕 (spoon) + 月 (flesh/moon) + 匚 (box)"
471,HSK 1,熊猫,panda,Gấu trúc,noun,"熊猫 (panda) = 熊 (bear) + 猫 (cat)
猫 (cat) = 犭(animal radical) + 苗 (sprout)
苗 (sprout) = 艹 (grass) + 田 (field)"
472,HSK 1,爬山,climbing,Leo,verb,"爬山 (climbing) = 爬 (to climb) + 山 (mountain)
爬 (to climb) = 扌(hand) + 巴 (cling)
巴 (cling) = 巳 (curved)
山 (mountain) = 山 (pictograph of mountain, three peaks)"
473,HSK 1,爱,Love,Yêu,Verb,爪 (claw) + 冖 (cover) + 心 (heart)
474,HSK 1,爸爸,Dad,Bố,Noun,"父 = hand holding stick (discipline)
 巴 = mouth shape"
475,HSK 1,牛奶,milk,Sữa,noun,"牛奶 (milk) = 牛 (cow) + 奶 (milk)
牛 (cow) = pictograph of cow’s head with horns
奶 (milk) = 女 (woman) + 乃 (thus)"
476,HSK 1,特别,especially,Đặc biệt,Adverb,"特 = 牛 (cow) + 土 (earth) + 寸 (thumb)
别 = 口 (mouth) + 力 (power/force) + 刂 (knife)"
477,HSK 1,狗,Dog,Chó,Noun,犭 (dog radical) + 句 (phonetic)
478,HSK 1,猪,pig,Heo,noun,猪 (pig) = 犭(animal) + 者 (person/thing)
479,HSK 1,王,Wang (surname),Vương (họ),Proper Noun,"王 = three lines, symbolizing jade"
480,HSK 1,玛丽,Mary,Mary,Noun,"玛 = 王 (jade) + 马 (horse)
丽 => 一 (one) + 冂 (down box) + 丶(dot)"
481,HSK 1,玩,have fun,Chơi vui,Verb,玩 = 王 (jade) + 二 (two) + 儿 (legs)
482,HSK 1,环境,environment,Môi trường,noun,"环境 (environment) = 环 (ring; surroundings) + 境 (border; situation)  
环 (ring) = 王 (jade) + 不 (not)  
境 (border) = 土 (earth) + 竟 (finish; complete)  
竟 (finish) = 音 (sound) + 儿 (child)"
483,HSK 1,现在,now,Bây giờ,Adverb,现在 (now) = 现 (present) + 在 (at)
484,HSK 1,现金,cash,Tiền mặt,noun,"现金 (cash) = 现 (current; appear) + 金 (gold; money)  
现 (appear) = 见 (see) + 王 (jade)  
金 (gold) = 金 (metal radical itself)"
485,HSK 1,班,class,Lớp học,Noun,班 = 玨 (N/A) + 丿 (bend) + 丶 (dot)
486,HSK 1,球,ball,Bóng,noun,"球 (ball) = 王 (jade/king) + 求 (to seek)
求 (seek) = 氺 (water radical variant) + 丨 (line)"
487,HSK 1,甜,sweet,Ngọt,adjective,甜 (sweet) = 舌 (tongue) + 甘 (sweet)
488,HSK 1,生日,birthday,Sinh nhật,noun,生日 (birthday) = 生 (birth) + 日 (day)
489,HSK 1,用,use,Sử dụng,verb,用 (use) = 用 (use; apply; employ)  
490,HSK 1,电脑,Computer,Máy tính,Noun,"电 = electricity
 脑 = 月 (flesh) + 囟 (head/skull)"
491,HSK 1,男人,man,Người đàn ông,pronoun,谁 (who) = 讠(speech) + 隹(short-tailed bird)
492,HSK 1,画,draw,Vẽ,Verb,画 = 一 (one) + 田 (field) + 凵 (container)
493,HSK 1,画画,painting,Bức tranh,verb,画画 (painting) = 画 (to draw) + 画 (picture)
494,HSK 1,疼,ache,Đau,Verb,疼 = 疒 (sickness) + 夂 (go) + ⺀ (dot)
495,HSK 1,病人,patient,Bệnh nhân,noun,"病人 (patient) = 病 (illness) + 人 (person)
病 = 疒(sickness) + 丙 (third heavenly stem)
人 = person pictograph"
496,HSK 1,瘦,tight,Chật,Adjective,瘦 = 疒 (sickness) + 臼 (mortar) + 丨 (line) + 又 (right hand)
497,HSK 1,的,"of, 's",Của,possesive,"的 (""de"" - belong to)"
498,HSK 1,省,province,Tỉnh,noun,省 (province) = 少 (few) + 目 (eye)
499,HSK 1,看,To watch / To see,Xem,Verb,手 (hand) above 目 (eye) → hand shading eyes to look
500,HSK 1,看见,see; catch sight of,Nhìn thấy,Verb,"看 = 龵 (hand) + 目 (eye)
见 = 见 (see)"
501,HSK 1,睡觉,sleeping,Ngủ,verb,"睡觉 (sleeping) = 睡 (to sleep) + 觉 (sleep/feel)
睡 (to sleep) = 目 (eye) + 垂 (to hang down)
觉 (sleep/feel) = 见 (to see) + 学 (study)"
502,HSK 1,碗,Bowl,Bát,Noun,石 (stone) + 宛 (curved/smooth)
503,HSK 1,礼物,Present,Hiện tại,Noun,"礼 = 礻 (ritual) + 乚
 物 = 牛 (cow) + 勿 (not)"
504,HSK 1,祝,wish,Ước,verb,祝 (wish) = 礻 (spirit) + 兄 (elder brother)
505,HSK 1,离,be apart (away) from,Xa cách,Verb,"离 = 亠 (lid) + 凵 (container) + 乂 (N/A), 禸 (track)"
506,HSK 1,租,rent,Thuê,Verb,租 = 禾 (grain) = 月 (moon) + 一 (one)
507,HSK 1,积极,positive,Tích cực,adjective,"积极 (positive) = 积 (accumulate) + 极 (extreme)
积 = 禾(grain) + 只(only)
极 = 木(wood) + 及(reach)"
508,HSK 1,穿,wear,Mặc,verb,穿 (to wear) = 穴 (cave) + 牙 (tooth)
509,HSK 1,等,wait,Đợi,Verb,等 = ⺮ (bamboo) + 土 (earth) + 寸 (thumb)
510,HSK 1,简单,simple,Đơn giản,Adjective,"简 = ⺮ (bamboo) + 门 (gate) + 日 (sun/day)
单 = 丷 (eight/divide) + 冂 (upside down box) + 二 (two) + 丨 (line) + 十 (ten)"
511,HSK 1,箱子,chest; box; case; trunk; suitcase,Hòm / Hộp / Va li,Noun,"箱 = ⺮ (bamboo) + 木 (tree) + 目 (eye)
子 = 子 (child)"
512,HSK 1,米饭,Cooked rice,Cơm,Noun,"米 = rice
 饭 = 饣 (food) + 反 (reverse)"
513,HSK 1,粥,Porridge,Cháo,Verb,粥 = 弜 (N/A) + 米 (rice)
514,HSK 1,精彩,wonderful,Tuyệt vời,adjective,"精彩 (wonderful) = 精 (essence) + 彩 (color)  
精 (essence) = 米 (rice) + 青 (green; pure)  
彩 (color) = 彡 (hair; pattern) + 采 (to pick)"
515,HSK 1,精致,beautiful,Đẹp,adjective,"精致 (exquisite) = 精 (refined / pure) + 致 (delicate / detailed)
精 (refined) = 米 (grain, semantic) + 青 (green/fresh)
致 = 至 (arrive, phonetic) + 攵 (action, semantic)"
516,HSK 1,系,department,Khoa / Bộ phận,Noun,系 = ㇒ (N/A) + 糸 (silk)
517,HSK 1,累,tired,Mệt,adjective,累 (tired) = 田 (field) + 糸 (silk)
518,HSK 1,红色,Red color,Màu đỏ,Noun,红 = 纟(silk) + 工 (work); 色 = form of desire
519,HSK 1,练,train,Tàu hỏa,Verb,练 = 纟 (silk) + 乚 (second) + 一 (one) + ㇆ (N/A) + 八 (eight/divide)
520,HSK 1,细节,detail,Chi tiết,noun,"细节 (detail) = 细 (fine) + 节 (segment)
细 = 纟(silk/thread) + 田 (field)
节 = 艹(grass) + 卩(seal)"
521,HSK 1,绿豆,Mung bean,Đậu xanh,Noun,"绿 = 纟 (silk) + 彔 (carve)
 豆 = bean (pictograph)"
522,HSK 1,网球,tennis,Quần vợt,noun,网球 (tennis) = 网 (net) + 球 (ball)
523,HSK 1,美,beautiful,Đẹp,Adjective,美 = 羊 (sheep) + 大 (big)
524,HSK 1,美丽,beautiful,Đẹp,adjective,"美丽 (beautiful) = 美 (beauty) + 丽 (beautiful)
美 = 羊(sheep) + 大(big)
丽 = 一(one) + 丿(stroke) + 乀(curved stroke)"
525,HSK 1,老师,Teacher,Giáo viên,Noun,"老 = 耂 (old) + 匕 (spoon)
 师 = 巾 (cloth) + 帀 (command)"
526,HSK 1,考,take an examination,Thi,Verb,考 = 耂 (old) + 一 (one) + ㇉ (N/A)
527,HSK 1,聊,gab; chat,Tán gẫu,Verb,聊 = 耳 (ear) 卯 (N/A)
528,HSK 1,职位,position,Vị trí,noun,"职位 (position) = 职 (duty) + 位 (position)  
职 (duty) = 耳 (ear) + 只 (only)  
位 (position) = 亻 (person) + 立 (stand)"
529,HSK 1,肥,loose,Rộng,Adjective,肥 = 月 (moon) + 丨 (line) + 丨 (line) + 乚 (second)
530,HSK 1,胖,fat,Béo,adjective,胖 (fat) = 月 (flesh) + 半 (half)
531,HSK 1,能,Can / may,Có thể,Modal Verb,能 = 厶 (private) + 月 (moon)
532,HSK 1,脚,foot,Bàn chân,Noun,脚 = 月 (moon) + 土 (earth) + 厶 (private) + 卩 (seal)
533,HSK 1,自己,Oneself,Bản thân,Pronoun,"自 = nose/self
 己 = self"
534,HSK 1,船,ship,Tàu thủy,noun,"船 (ship) = 舟 (boat radical) + 㕣 (phonetic part)
舟 (boat) = pictograph of a boat"
535,HSK 1,良好,positive,Tích cực,adjective,"良好 (positive / good) = 良 (good) + 好 (good)
良 = 艮(stop) + 一(one)
好 = 女(woman) + 子(child)"
536,HSK 1,花,flower,Hoa,Noun,花 = 艹 (grass) + 亻 (human) + 匕 (spoon)
537,HSK 1,茶,tea,Trà,noun,茶 (tea) = 艹 (grass) + 人 (person) + 木 (tree)
538,HSK 1,茶 ,tea,Trà,Noun,茶 = 艹 (grass) + 人 (human) + 十 (ten) + 小 (small)
539,HSK 1,药,medicine,Thuốc,Noun,药 = 艹 (grass) + 纟 (silk) + 勹 (wrap) + 丶 (dot)
540,HSK 1,菜,Dish / Cuisine,Món ăn / Ẩm thực,Noun,艹 (grass) + 采 (pick)
541,HSK 1,营业,sales,Bán hàng,verb/noun,"营业 (sales) = 营 (operate) + 业 (profession)  
营 (operate) = 艹 (grass) + 员 (member)  
业 (profession) = 业 (industry radical itself)"
542,HSK 1,蓝,blue,Màu xanh dương,adjective,"蓝 (blue) = 艹 (grass) + 监 (supervise)  
监 (supervise) = 皿 (dish) + 㝉 (look over)"
543,HSK 1,蓝色,blue,Màu xanh dương,Noun,"蓝 = 艹 (grass) + 丨 (line) + 丨 (line) + 丿 (bend) + 一 (one) + 丶 (dot) + 皿 (dish)
色 = 色 (color/prettiness)"
544,HSK 1,蛋糕,Cake,Bánh ngọt,Noun,"蛋 = 虫 (insect) + 旦 (sun rising)
 糕 = 米 (rice) + 羔 (lamb)"
545,HSK 1,衣服,clothes,Quần áo,noun,"衣服 (clothes) = 衣 (clothing) + 服 (garment)
衣 (clothing) = 衤 (clothes radical) + 𠃌 (stroke)
服 (garment) = 月 (flesh) + 卩 (kneeling person, submission)"
546,HSK 1,衣架,clothes hanger,Móc treo quần áo,noun,"衣架 (hanger) = 衣 (clothes) + 架 (frame; rack)  
衣 (clothes) = 衣 (clothing radical itself)  
架 (frame) = 加 (add) + 木 (wood)"
547,HSK 1,袋,bag,Túi,noun,"袋 (bag) = 代 (substitute) + 衣 (clothing)  
代 (substitute) = 亻 (person) + 弋 (shoot; strike)"
548,HSK 1,装,hold; pack; load,Cầm; đóng gói; chất,Verb,装 = 丬 (split wood) + 士 (scholar) + 衣 (clothes)
549,HSK 1,要,Want / Need,Muốn / Cần,Verb,要 = 西 (west) + 女 (woman)
550,HSK 1,认识,Meet,Gặp,Verb,"认 = 讠(speech) + 人 (person)
识 = 讠(speech) + 只 (only)"
551,HSK 1,讨论,discussing,Thảo luận,verb,"讨论 (discussing) = 讨 (to discuss/ask) + 论 (theory)
讨 (to ask/discuss) = 讠(speech radical) + 寸 (inch/measure)
论 (theory) = 讠(speech radical) + 仑 (arrange)
仑 (arrange) = 人 (person) + 匕 (spoon/dagger)"
552,HSK 1,让,let,Để / Cho,,让 = 讠 (speech) + ⺊ (divination) + 一 (one)
553,HSK 1,试,try,Thử,Verb,试 = 讠 (speech) + 弋 (arrow) + 工 (work)
554,HSK 1,语言,language,Ngôn ngữ,noun,"语言 (language) = 语 (speech) + 言 (word)
语 = 讠(speech) + 吾 (I/me)
言 = pictograph of words coming from a mouth"
555,HSK 1,说,Say/speak,Nói,Verb,讠(speech) + 兑 (exchange)
556,HSK 1,说话,talking,Nói chuyện,verb,"说话 (talking) = 说 (to speak) + 话 (speech/words)
说 (to speak) = 言 (speech) + 兑 (exchange)
兑 (exchange) = 八 (divide) + 兄 (elder brother)
话 (words) = 讠(speech radical) + 舌 (tongue)"
557,HSK 1,请,Please / Invite,Mời,Verb,讠(speech) + 青 (green/blue)
558,HSK 1,读,To read,Đọc,Verb,言 (speech) + 读 (phonetic)
559,HSK 1,课,Lesson,Bài học,Noun,讠 (speech) + 果 (fruit/result)
560,HSK 1,课程,courses,Các khóa học,noun,课程 (course) = 课 (lesson) + 程 (process)
561,HSK 1,谁,who,Ai,pronoun,谁 (who) = 讠(speech) + 隹(short-tailed bird)
562,HSK 1,调配,mix,Trộn,verb,"调配 (mix/blend) = 调 (to adjust) + 配 (to match)
调 = 讠(speech) + 周 (cycle/whole)
配 = 酉 (wine vessel) + 己 (self)"
563,HSK 1,谢谢,Thank you,Cảm ơn,Verb,谢 = 讠 (speech) + 射 (shoot)
564,HSK 1,货,goods,Hàng hóa,noun,"货 (goods) = 亻 (person) + 化 (transform)  
化 (transform) = 亻 (person) + 匕 (spoon)"
565,HSK 1,购物,Shopping,Mua sắm,Noun,"中 = center
心 = heart"
566,HSK 1,赶,rush,Vội vàng,Verb,赶 = 走 (run) + 干 (dry)
567,HSK 1,起,get up,Thức dậy,Verb,起 = 走 (run) + 己 (oneself)
569,HSK 1,超市,marketplace,Chợ,noun,"超市 (marketplace / supermarket) = 超 (super/exceed) + 市 (market)
超 = 走 (walk) + 召 (summon/call → extend: exceed)
市 = 亠 (lid) + 巾 (cloth → originally market square with cover)"
570,HSK 1,跑,run,Chạy,Verb,"跑 = ⻊ (foot) + 勹 (wrap) + 巳 (oneself)
 "
571,HSK 1,跑鞋,running shoes,Giày chạy bộ,noun,"跑鞋 (running shoes) = 跑 (run) + 鞋 (shoe)  
跑 (run) = 足 (foot) + 包 (wrap)  
鞋 (shoe) = 革 (leather) + 圭 (jade tablet)"
572,HSK 1,路,road,Con đường,Noun,路 = ⻊ (foot) + 夂 (go) + 口 (mouth)
573,HSK 1,车,Car,Xe hơi,Noun,Pictograph of a cart with wheels
574,HSK 1,轻,Light,Đèn / Ánh sáng,Adjective,车 (vehicle) + 圣 (holy)
575,HSK 1,辆,Measure word for vehicles,Chiếc (xe),Measure Word,车 (vehicle) + 两 (two)
576,HSK 1,运动,sport,Thể thao,noun,运动 (sport) = 运 (move) + 动 (motion)
577,HSK 1,还,left (hour),Còn lại (giờ),adjective,还 (left) = 辶 (walk/move) + 不 (not) + 子 (child)
578,HSK 1,还好,not bad; passable,Tạm được,Adjective,"还 = 辶 (walk) + 一 (one) + 丿 (bend) + 卜 (divination)
好 = 女 (woman) + 子 (child)"
579,HSK 1,这,This,Này,Pronoun,这 = 辶 (walk) + 文 (writing)
580,HSK 1,这儿,Here,Ở đây,Pronoun,"这 = 辶 (walk) + 文 (text)
 儿 = child"
581,HSK 1,进,come in,Mời vào,Verb,进 = 辶 (walk) + 二 (two)
582,HSK 1,远,far (in time or space),Xa,Adjective,离 = 亠 (lid) + 凵 (container) + 乂 (N/A) + 禸 (track)
583,HSK 1,退货,return (goods),Trả hàng,verb,"退货 (return goods) = 退 (return; withdraw) + 货 (goods)  
退 (return) = 辶 (walk) + 艮 (stubborn)  
货 (goods) = 亻 (person) + 化 (change)"
584,HSK 1,那,that,Đó / Kia,noun phrase,"那个人 (that man) = 那 (that) + 个 (classifier) + 人 (man/person)
那 (that) = 阝(city) + 月(moon/flesh)
个 (classifier) = 竹(bamboo) (simplified form, originally 亅 + 丿)
人 (person) = pictograph of a standing man"
585,HSK 1,那儿,There / here,Ở đó / Ở đây,Pronoun,"那 = 邑 (city) + 那
 儿 = child"
586,HSK 1,那边,over there,Ở đằng kia,adverb ,"那边 (there) = 那 (that) + 边 (side)  
那 (that) = ⻏ (place) + 奴 (female servant)  
边 (side) = 辶 (walk) + 力 (strength)"
587,HSK 1,邮局,post office,Bưu điện,Noun,"邮 = 二 (two) + 丨 (line) + 凵 (container) +  阝(town)
局 = 尸 (corpse) + ㇆ (N/A) + 口 (mouth)"
588,HSK 1,邻居,Neighbor,Hàng xóm,Noun,"邻 = 邑 (city) + 令 (order)
 居 = 尸 (roof) + 古 (old)"
589,HSK 1,都,All / both,Tất cả / Cả hai,Adverb,者 (person) + 阝 (city/place)
590,HSK 1,酒杯,goblet,Ly rượu,noun,酒杯 (goblet) = 酒 (wine) + 杯 (cup)
591,HSK 1,里,Inside,Bên trong,Noun,田 (field) + 土 (earth) – something enclosed
592,HSK 1,重,Heavy,Nặng,Adjective,千 (thousand) + 里 (mile)
593,HSK 1,钱,Money,Tiền,Noun,钱 = 钅(gold) + 戋 (narrow)
594,HSK 1,错,Wrong / Mistake,Sai / Lỗi,Adjective,钅 (metal) + 昔 (past) – “wrong metal”
595,HSK 1,镜子,mirror,Gương,noun,"镜子 (mirror) = 镜 (mirror) + 子 (noun suffix)  
镜 (mirror) = 钅 (metal) + 竟 (finish; complete)  
竟 (finish) = 音 (sound) + 儿 (legs radical)  
子 (suffix / noun ending) = 子 (child)"
596,HSK 1,门口,door; gate,Cửa / Cổng,Noun,"门 = 门 (gate)
口 = 口 (mouth)"
597,HSK 1,闪亮,blink,Chớp mắt,adjective,"闪亮 (shiny) = 闪 (flash) + 亮 (bright)  
闪 (flash) = 门 (door) + 人 (person)  
亮 (bright) = 高 (tall) + 几 (table)"
598,HSK 1,闻,smell,Mùi,verb,闻 (smell) = 门 (door) + 耳 (ear)
599,HSK 1,队,team,Đội,Noun,队 = 阝 (town) + 人 (human)
600,HSK 1,附近,Nearby,Gần đây,Noun,"附 = 阝 (place) + 付
 近 = 辶 (walk) + 斤"
601,HSK 1,院子,courtyard,Sân,noun,院子 (courtyard) = 院 (yard/court) + 子 (suffix for noun)
602,HSK 1,院长,director,Giám đốc,noun,院长 (director) = 院 (institution) + 长 (chief/head)
603,HSK 1,难,Difficult,Khó,Adjective,难 = bird (隻) + 口 (mouth)
604,HSK 1,雪人,snowman,Người tuyết,noun,雪人 (snowman) = 雪 (snow) + 人 (person)
605,HSK 1,霜,frost ,Sương giá,verb,"霜 (frost) = ⻗ (rain radical) + 相 (mutual; each other)  
相 (mutual) = 木 (tree) + 目 (eye)"
606,HSK 1,靠,lean against (on),Dựa vào,Verb,"靠 = ⺧ (cow) + 口 (mouth) + 非 (wrong)
"
607,HSK 1,面膜,mask,Khẩu trang,noun,"面膜 (mask) = 面 (face) + 膜 (membrane)  
面 (face) = 囗 (enclosure) + 因 (cause)  
膜 (membrane) = 月 (flesh) + 莫 (do not; cover)"
608,HSK 1,鞋,shoes,Giày,noun,鞋 (shoes) = 革 (leather radical) + 圭 (jade/tablet)
609,HSK 1,韩国,Korea,Hàn Quốc,Noun,"韩 = 音 (sound) + 干 (dry)
 国 = 囗 (enclosure) + 玉/王 (jade/king)"
610,HSK 1,音乐,Music,Âm nhạc,Noun,"音 = 音 (sound) + 一
 乐 = 丿 + 木 + 丶 (originally instrument/joy)"
611,HSK 1,顾客,customer,Khách hàng,noun,"顾客 (customer) = 顾 (look after) + 客 (guest)  
顾 (look after) = 页 (head) + 雇 (hire)  
雇 (hire) = 户 (door) + 隹 (short-tailed bird)  
客 (guest) = 宀 (roof) + 各 (each)"
612,HSK 1,题,question,Câu hỏi,Noun,题 = 日 (sun/day)  + 一 (one) + 龰 (N/A) + 页 (leaf)
613,HSK 1,颜色,Color,Màu sắc,Noun,颜 = 彦 (face) + 页 (page); 色 = 亻 + 巴 (form of person/desire)
614,HSK 1,风,wind,Gió,noun,风 (wind) = 几 (table; support) + 虫 (insect)
615,HSK 1,饿,hungry,Đói,adjective,"饿 (hungry) = 饣 (food radical) + 我 (I; me)  
饣 → biến thể của 食 (eat)  
我 (I; me) = 手 (hand) + 戈 (weapon)"
616,HSK 1,馒头,Steamed bun (plain),Bánh bao không nhân,Noun,"饣 (food) + 曼 (prolonged)
 头 = head"
617,HSK 1,首,Measure word for songs,Bài (bài hát),Noun/Measure,自 (self) + 页 (page/head)
618,HSK 1,首都,capital,Thủ đô,noun,"首都 (capital) = 首 (head) + 都 (metropolis)
首 = 自(self/nose) + 丨(line)
都 = 者(person/one who) + 阝(city)"
619,HSK 1,香,fragrant,Thơm,adjective,香 (fragrant) = 禾 (grain) + 日 (sun)
620,HSK 1,香精,perfume,Nước hoa,noun,"香精 (perfume/essence) = 香 (fragrant) + 精 (essence/refined)
香 = 禾 (grain) + 日 (sun)
精 = 米 (rice) + 青 (green/blue)"
621,HSK 1,骑,To ride,Đi (xe),Verb,马 (horse) + 奇 (strange)
622,HSK 1,高兴,Happy,Vui,Adjective,"高 = tall
 兴 = 八 + 小 (small)"
623,HSK 1,鸟,bird,Chim,noun,鸟 (bird) = pictograph of a bird with tail
624,HSK 1,鸡蛋,chicken egg,Trứng gà,noun,"鸡蛋 (chicken egg) = 鸡 (chicken) + 蛋 (egg)
鸡 (chicken) = 又 (hand/again) + 鸟 (bird)
鸟 (bird) = 鸟 (pictograph bird itself, head + tail)
蛋 (egg) = 虫 (insect/creature) + 旦 (dawn/sunrise)
旦 (dawn) = 日 (sun) + 一 (horizon line)"
625,HSK 1,鸭蛋,duck egg,Trứng vịt,noun,"鸭蛋 (duck egg) = 鸭 (duck) + 蛋 (egg)
鸭 (duck) = 甲 (armor/shell) + 鸟 (bird)"
626,HSK 1,鼠标,mouse (computer),Chuột máy tính,noun,"鼠标 (mouse) = 鼠 (rat) + 标 (mark; pointer)  
鼠 (rat) = 鼠 (mouse radical itself)  
标 (mark) = 木 (wood) + 示 (sign)"
1985,HSK 1,爸爸,dad/ father,"Cha, bố",Noun,我爸爸是老师。 (Wǒ bàba shì lǎoshī.) – Bố tôi là giáo viên.
1986,HSK 1,白天,day,Ban ngày,Noun,白天我去学校。 (Báitiān wǒ qù xuéxiào.) – Ban ngày tôi đi học.
1987,HSK 1,半年,half a year,Nửa năm,Noun,半年后我们再见。 (Bàn nián hòu wǒmen zàijiàn.) – Nửa năm sau chúng ta gặp lại.
1988,HSK 1,半天,half a day,Nửa ngày,Noun,他等了半天。 (Tā děng le bàn tiān.) – Anh ấy chờ nửa ngày.
1989,HSK 1,帮忙,help,Giúp một việc,Verb,谢谢你帮忙。 (Xièxie nǐ bāngmáng.) – Cảm ơn bạn đã giúp.
1990,HSK 1,本子,notebook,Tập vở,Noun,我有一本本子。 (Wǒ yǒu yí běn běnzi.) – Tôi có một quyển vở.
1991,HSK 1,别人,others,Người khác,Pronoun,别人都到了。 (Biérén dōu dàole.) – Mọi người khác đều đến rồi.
1992,HSK 1,病,disease,"Bệnh, ốm",Noun,我病了。 (Wǒ bìng le.) – Tôi bị ốm rồi.
1993,HSK 1,不大,not big,Không lớn/ to,Adj,它不大。 (Tā bú dà.) – Nó không lớn.
1994,HSK 1,不对,wrong,Không đúng,Adj,你说的不对。 (Nǐ shuō de bú duì.) – Điều bạn nói không đúng.
1995,HSK 1,不客气,You're welcome,Không khách sáo,Phrase,不客气！(Bú kèqi!) – Không có gì!
1996,HSK 1,不用,no need,Không cần,Phrase,不用谢。 (Bú yòng xiè.) – Không cần cảm ơn.
1997,HSK 1,常常,often,thường xuyên,Adv,我们常常去公园。 (Wǒmen chángcháng qù gōngyuán.) – Chúng tôi thường đi công viên.
1998,HSK 1,唱歌,sing,hát,Verb,我喜欢唱歌。 (Wǒ xǐhuan chànggē.) – Tôi thích hát.
1999,HSK 1,车票,ticket,vé xe,Noun,请给我两张车票。 (Qǐng gěi wǒ liǎng zhāng chēpiào.) – Làm ơn cho tôi hai vé xe.
2000,HSK 1,车上,on board,trên xe,Phrase,车上有很多人。 (Chē shàng yǒu hěn duō rén.) – Trên xe có rất nhiều người.
2001,HSK 1,吃饭,to eat,ăn cơm,Verb,我们一起吃饭。 (Wǒmen yìqǐ chīfàn.) – Chúng tôi cùng ăn cơm.
2002,HSK 1,出去,go out,đi ra ngoài,Verb,我们出去玩吧。 (Wǒmen chūqù wán ba.) – Chúng ta ra ngoài chơi đi.
2003,HSK 1,次,time,lần,Noun,我去过两次。 (Wǒ qù guo liǎng cì.) – Tôi đã đi hai lần.
2004,HSK 1,打车,take a taxi,đi taxi,Phrase,我打车去学校。 (Wǒ dǎ chē qù xuéxiào.) – Tôi đi taxi đến trường.
2005,HSK 1,打球,play ball,chơi bóng,Verb,他们在打球。 (Tāmen zài dǎqiú.) – Họ đang chơi bóng.
2006,HSK 1,大学生,university student,sinh viên đại học,Noun,大学生都很努力。 (Dàxuéshēng dōu hěn nǔlì.) – Sinh viên đại học đều rất cố gắng.
2007,HSK 1,得到,get,"đạt được, nhận được",Verb,我得到了好礼物。 (Wǒ dédào le hǎo lǐwù.) – Tôi đã nhận được quà tốt.
2008,HSK 1,地点,location,"địa điểm, nơi họp, nơi gặp",Noun,会议地点在学校。 (Huìyì dìdiǎn zài xuéxiào.) – Địa điểm họp ở trường.
2009,HSK 1,地上,on the ground,trên mặt đất,Phrase,地上有一本书。 (Dì shàng yǒu yì běn shū.) – Trên mặt đất có một quyển sách.
2010,HSK 1,弟弟,younger brother,em trai,Noun,我的弟弟很可爱。 (Wǒ de dìdì hěn kě’ài.) – Em trai tôi rất dễ thương.
2011,HSK 1,第,ordinal prefix,"thứ (thứ hai, thứ ba…)",Prefix,我得到了第二名。 (Wǒ dédào le dì èr míng.) – Tôi đạt giải nhì.
2012,HSK 1,电视机,television,máy ti vi,Noun,这台电视机很新。 (Zhè tái diànshìjī hěn xīn.) – Cái ti vi này rất mới.
2013,HSK 1,电影院,movie theater,rạp chiếu phim,Noun,我们去电影院看电影吧。 (Wǒmen qù diànyǐngyuàn kàn diànyǐng ba.) – Chúng ta đi rạp chiếu phim xem phim đi.
2014,HSK 1,东边,east side,phía đông,Noun,我们家在东边。 (Wǒmen jiā zài dōngbiān.) – Nhà chúng tôi ở phía đông.
2015,HSK 1,动作,action,"hành động, động tác",Noun,他的动作很快。 (Tā de dòngzuò hěn kuài.) – Hành động của anh ấy rất nhanh.
2016,HSK 1,读书,study,"đọc sách, học",Verb,我每天都读书。(Wǒ měitiān dōu dúshū.) Tôi đọc sách mỗi ngày.
2017,HSK 1,饭,rice,"cơm, bữa ăn",Noun,吃饭了吗？(Chīfàn le ma?) Ăn cơm chưa?
2018,HSK 1,饭店,restaurant,nhà hàng,Noun,我们在饭店见面。(Wǒmen zài fàndiàn jiànmiàn.) Chúng ta gặp nhau ở nhà hàng.
2019,HSK 1,放假,to be on holiday,"nghỉ lễ, nghỉ",Verb,我们下个月放假。(Wǒmen xià gè yuè fàngjià.) Tháng sau chúng tôi được nghỉ.
2020,HSK 1,放学,school gets out,tan học,Verb,放学以后我回家。(Fàngxué yǐhòu wǒ huí jiā.) Tan học xong tôi về nhà.
2021,HSK 1,干什么,what for,làm gì,Phrase,你想干什么？(Nǐ xiǎng gàn shénme?) Bạn muốn làm gì?
2022,HSK 1,哥哥,older brother,anh trai,Noun,我哥哥很聪明。(Wǒ gēge hěn cōngming.) Anh trai tôi rất thông minh.
2023,HSK 1,关上,close,"đóng, tắt",Verb,他把窗户关上了。(Tā bǎ chuānghu guānshang le.) Anh ấy đã đóng cửa sổ lại.
2024,HSK 1,国外,abroad,nước ngoài,Adv,他在国外工作。(Tā zài guówài gōngzuò.) Anh ấy làm việc ở nước ngoài.
2025,HSK 1,好吃,delicious,ngon,Adj,这个菜很好吃。(Zhège cài hěn hǎochī.) Món ăn này rất ngon.
2026,HSK 1,好看,good-looking,"đẹp, dễ nhìn",Adj,那部电影很好看。(Nà bù diànyǐng hěn hǎokàn.) Bộ phim đó rất hay.
2027,HSK 1,好听,pleasant to hear,"dễ nghe, hay nghe",Adj,你的声音很好听。(Nǐ de shēngyīn hěn hǎotīng.) Giọng của bạn rất hay.
2028,HSK 1,好玩儿,fun,"vui chơi, thú vị",Adj,这个游戏真好玩儿。(Zhè gè yóuxì zhēn hǎowánr.) Trò chơi này thật vui.
2029,HSK 1,后边,behind,phía sau,Noun,学校后边有商店。(Xuéxiào hòubian yǒu shāngdiàn.) Sau trường có cửa hàng.
2030,HSK 1,后天,the day after tomorrow,"ngày mốt, ngày kia",Noun,后天我们去旅游。(Hòutiān wǒmen qù lǚyóu.) Ngày kia chúng ta đi du lịch.
2031,HSK 1,回到,return to,quay lại,Verb,我已经回到家了。(Wǒ yǐjīng huídào jiā le.) Tôi đã trở về nhà rồi.
2032,HSK 1,回家,go home,về nhà,Verb,他下班回家很晚。(Tā xiàbān huí jiā hěn wǎn.) Anh ấy tan làm về nhà rất muộn.
2033,HSK 1,回去,go back,đi về,Verb,我明天回去。(Wǒ míngtiān huíqù.) Ngày mai tôi sẽ đi về.
2034,HSK 1,机票,plane ticket,vé máy bay,Noun,我买了两张机票。(Wǒ mǎi le liǎng zhāng jīpiào.) Tôi đã mua hai vé máy bay.
2035,HSK 1,记住,remember,nhớ kỹ,Verb,请把这句话记住。(Qǐng bǎ zhè jù huà jìzhù.) Hãy ghi nhớ câu này nhé.
2036,HSK 1,家里,at home,trong nhà,Phrase,家里有很多花。(Jiālǐ yǒu hěn duō huā.) Trong nhà có rất nhiều hoa.
2037,HSK 1,教,teach,dạy,Verb,老师教我们汉语。(Lǎoshī jiāo wǒmen Hànyǔ.) Thầy giáo dạy chúng tôi tiếng Hán.
2038,HSK 1,姐姐,older sister,chị gái,Noun,我姐姐很漂亮。(Wǒ jiějie hěn piàoliang.) Chị gái tôi rất xinh đẹp.
2039,HSK 1,今年,this year,năm nay,Noun,今年我二十岁。(Jīnnián wǒ èrshí suì.) Năm nay tôi hai mươi tuổi.
2040,HSK 1,进来,come in,đi vào (về phía người nói),Verb,快进来吧！(Kuài jìnlai ba!) Mau vào đi!
2041,HSK 1,进去,go in,đi vào (xa người nói),Verb,他走进去了。(Tā zǒu jìnqù le.) Anh ấy đã đi vào rồi.
2042,HSK 1,开车,drive,lái xe,Verb,他会开车。(Tā huì kāichē.) – Anh ấy biết lái xe.
2043,HSK 1,开玩笑,to joke,nói đùa,Verb,别开玩笑了。(Bié kāiwánxiào le.) – Đừng đùa nữa.
2044,HSK 1,看到,see,nhìn thấy,Verb,我看到他了。(Wǒ kàndào tā le.) – Tôi đã thấy anh ấy.
2045,HSK 1,考试,exam,Bài kiểm tra,Noun,考试很难。(Kǎoshì hěn nán.) – Bài kiểm tra rất khó.
2046,HSK 1,渴,thirsty,khát nước,Adj,我很渴。(Wǒ hěn kě.) – Tôi rất khát.
2047,HSK 1,课本,textbook,sách giáo khoa,Noun,这是我的课本。(Zhè shì wǒ de kèběn.) – Đây là sách giáo khoa của tôi.
2048,HSK 1,课文,lesson text,bài khóa,Noun,我读课文。(Wǒ dú kèwén.) – Tôi đọc bài học.
2049,HSK 1,块,piece,"miếng, cục",Noun,我买了一块蛋糕。(Wǒ mǎi le yí kuài dàngāo.) – Tôi mua một miếng bánh.
2050,HSK 1,来到,arrive,đến nơi,Verb,我来到学校。(Wǒ lái dào xuéxiào.) – Tôi đã đến trường.
2051,HSK 1,老人,elderly person,người già,Noun,老人正在公园散步。(Lǎorén zhèngzài gōngyuán sànbù.) – Người già đang đi dạo trong công viên.
2052,HSK 1,里边,inside,bên trong,Noun,房间里边很安静。(Fángjiān lǐbiān hěn ānjìng.) – Bên trong phòng rất yên tĩnh.
2053,HSK 1,零,zero,số không,Noun,今天是零度。(Jīntiān shì líng dù.) – Hôm nay là 0 độ.
2054,HSK 1,楼上,upstairs,trên lầu,Adv,我的房间在楼上。(Wǒ de fángjiān zài lóushàng.) – Phòng của tôi ở tầng trên.
2055,HSK 1,路口,intersection,ngã rẽ,Noun,我们在路口见面。(Wǒmen zài lùkǒu jiànmiàn.) – Chúng ta gặp nhau ở ngã rẽ.
2056,HSK 1,路上,on the way,trên đường,,我在路上。(Wǒ zài lùshàng.) – Tôi đang trên đường.
2057,HSK 1,妈妈,mom,mẹ,Noun,"妈妈，我爱你。(Māmā, wǒ ài nǐ.) – Mẹ, con yêu mẹ."
2058,HSK 1,马路,road,con đường,,马路上有很多车。(Mǎlù shàng yǒu hěn duō chē.) – Trên đường có nhiều xe.
2059,HSK 1,没,not have,"không, chưa",,他还没来。(Tā hái méi lái.) – Anh ấy vẫn chưa tới.
2060,HSK 1,没什么,nothing much,không có gì,,没什么。(Méi shénme.) – Không có gì.
2061,HSK 1,没事儿,it's okay,không sao đâu,,没事儿。(Méi shìr.) – Không có việc gì.
2062,HSK 1,妹妹,younger sister,em gái,,我没有妹妹。(Wǒ méiyǒu mèimei.) – Tôi không có em gái.
2063,HSK 1,门票,admission ticket,vé vào cửa,,门票多少钱？(Ménpiào duōshǎo qián?) – Vé vào cửa bao nhiêu tiền?
2064,HSK 1,朋友们,friends,các bạn,,朋友们都来了。(Péngyǒumen dōu lái le.) – Các bạn đều đã đến.
2065,HSK 1,面包,bread,bánh mì,,早上我常常吃面包。(Zǎoshang wǒ chángcháng chī miànbāo): Buổi sáng tôi thường ăn bánh mì.
2066,HSK 1,面条儿,noodles,mì sợi,,中午我们吃面条儿吧。(Zhōngwǔ wǒmen chī miàntiáor ba): Buổi trưa chúng ta ăn mì nhé.
2067,HSK 1,明年,next year,năm sau,,明年我想去中国。(Míngnián wǒ xiǎng qù Zhōngguó): Năm sau tôi muốn đi Trung Quốc.
2068,HSK 1,哪些,which ones,những cái nào,,你喜欢哪些书？(Nǐ xǐhuan nǎxiē shū?) → Bạn thích những quyển sách nào?
2069,HSK 1,奶,milk,sữa,,牛奶很好喝。(Niúnǎi hěn hǎo hē.) – Sữa bò rất ngon.
2070,HSK 1,男孩儿,boy,"bé trai, cậu bé",,那个男孩儿在笑。(Nà gè nánháir zài xiào.) – Cậu bé kia đang cười.
2071,HSK 1,男生,boy,học sinh nam,,那个男生很聪明。(Nàge nánshēng hěn cōngming.) → Nam sinh đó rất thông minh.
2072,HSK 1,南边,south side,"phía nam, bên nam",,我们住在南边。(Wǒmen zhù zài nánbiān.) → Chúng tôi sống ở phía nam.
2073,HSK 1,女孩儿,girl,"Cô bé, bé gái",,那个女孩儿很聪明。 (Nà gè nǚháir hěn cōngmíng.) – Cô bé đó rất thông minh.
2074,HSK 1,女人,woman,"Phụ nữ, đàn bà",,那个女人在唱歌。 (Nà gè nǚrén zài chànggē.) – Người phụ nữ đó đang hát.
2075,HSK 1,旁边,beside,Bên cạnh,,图书馆在学校旁边。 (Túshūguǎn zài xuéxiào pángbiān.) – Thư viện ở bên cạnh trường học.
2076,HSK 1,起床,get up,thức dậy,,我每天早上六点起床。 (Wǒ měitiān zǎoshang liù diǎn qǐchuáng.) - Mỗi sáng tôi dậy lúc 6 giờ.
2077,HSK 1,汽车,car,ô tô,,我有一辆新汽车。(Wǒ yǒu yí liàng xīn qìchē): Tôi có một chiếc ô tô mới.
2078,HSK 1,前边,in front,phía trước,,商店在前边。(Shāngdiàn zài qiánbian): Cửa hàng ở phía trước.
2079,HSK 1,前天,the day before yesterday,hôm kia,,前天我去了。(Qiántiān wǒ qù le.): Hôm kia tôi đi rồi.
2080,HSK 1,请进,Please come in,mời vào,,"请进，请坐。(Qǐng jìn, qǐng zuò): Mời vào, mời ngồi."
2081,HSK 1,请坐,please have a seat,mời ngồi,,请坐在这里。(Qǐng zuò zài zhèlǐ): Mời ngồi ở đây.
2082,HSK 1,去年,last year,năm ngoái,,去年我去北京了。(Qùnián wǒ qù Běijīng le.) - Năm ngoái tôi đã đi Bắc Kinh.
2083,HSK 1,日,day,ngày,,今天是星期日。(Jīntiān shì xīngqī rì): Hôm nay là Chủ nhật.
2084,HSK 1,日期,date,ngày tháng,,请写下日期。(Qǐng xiě xià rìqī): Làm ơn ghi ngày tháng vào.
2085,HSK 1,肉,meat,thịt,,我不喜欢吃肉。(Wǒ bù xǐhuan chī ròu): Tôi không thích ăn thịt.
2086,HSK 1,商场,shopping mall,trung tâm thương mại,,我们去商场买衣服。(Wǒmen qù shāngchǎng mǎi yīfu): Chúng tôi đi trung tâm thương mại mua quần áo.
2087,HSK 1,上边,above,phía trên,,猫在桌子上边。(Māo zài zhuōzi shàngbian): Con mèo ở trên bàn.
2088,HSK 1,上车,board,lên xe,,他上车了。(Tā shàng chē le): Anh ấy đã lên xe rồi.
2089,HSK 1,上次,last time,lần trước,,上次我们去海边玩。(Shàng cì wǒmen qù hǎibiān wán): Lần trước chúng tôi đi chơi ở biển.
2090,HSK 1,上课,have class,lên lớp,,现在我们正在上课。(Xiànzài wǒmen zhèngzài shàngkè): Hiện tại chúng tôi đang học.
2091,HSK 1,上午,morning,buổi sáng,,上午我去图书馆。(Shàngwǔ wǒ qù túshūguǎn): Buổi sáng tôi đi thư viện.
2092,HSK 1,上学,go to school,đi học,,弟弟每天早上上学。(Dìdi měitiān zǎoshang shàngxué): Em trai tôi đi học mỗi sáng.
2093,HSK 1,身上,on one’s person,trên người,,他身上有一本书。(Tā shēnshang yǒu yì běn shū): Trên người anh ấy có một quyển sách.
2094,HSK 1,生病,to be sick,bị ốm,,"我生病了，不能去上班。(Wǒ shēngbìng le, bù néng qù shàngbān): Tôi bị bệnh, không thể đi làm."
2095,HSK 1,生气,angry,tức giận,,他很生气。(Tā hěn shēngqì) - Anh ấy rất tức giận.
2096,HSK 1,时间,time,thời gian,,我没有时间看电视。(Wǒ méiyǒu shíjiān kàn diànshì): Tôi không có thời gian xem tivi.
2097,HSK 1,事,matter,việc,,这件事我不知道。(Zhè jiàn shì wǒ bù zhīdào): Việc này tôi không biết.
2098,HSK 1,是不是,is it,phải không,,你是不是中国人。(Nǐ shì bù shì Zhōngguó rén): Bạn có phải là người Trung Quốc không?
2099,HSK 1,手,hand,tay,,她手里拿着一朵花。(Tā shǒu lǐ názhe yì duǒ huā): Cô ấy cầm một bông hoa trong tay.
2100,HSK 1,手机,mobile phone,điện thoại,,我的手机坏了。(Wǒ de shǒujī huài le): Điện thoại của tôi bị hỏng rồi.
2101,HSK 1,书包,schoolbag,cặp sách,,我的书包很漂亮。(Wǒ de shūbāo hěn piàoliang): Cặp sách của tôi rất đẹp.
2102,HSK 1,书店,bookstore,hiệu sách,,书店在学校旁边。(Shūdiàn zài xuéxiào pángbiān): Hiệu sách ở bên cạnh trường học.
2103,HSK 1,树,tree,cây,,公园里有很多树。(Gōngyuán lǐ yǒu hěn duō shù): Trong công viên có rất nhiều cây.
2104,HSK 1,水果,fruit,hoa quả,,我每天都吃水果。(Wǒ měitiān dōu chī shuǐguǒ): Mỗi ngày tôi đều ăn hoa quả.
2105,HSK 1,睡,sleep,ngủ,,我要睡了。 (Wǒ yào shuì le.) - Tôi phải ngủ rồi.
2106,HSK 1,送,send,"đưa, tiễn, tặng",,妈妈送我去学校。(Māma sòng wǒ qù xuéxiào): Mẹ đưa tôi đến trường.
2107,HSK 1,她,she,cô ấy,,她很漂亮。(Tā hěn piàoliang): Cô ấy rất xinh đẹp.
2108,HSK 1,她们,they,họ (nữ),,她们是我的老师。(Tāmen shì wǒ de lǎoshī): Họ là giáo viên của tôi.
2109,HSK 1,天,sky,trời,,天快黑了。 (Tiān kuài hēi le.) - Trời sắp tối rồi.
2110,HSK 1,听到,hear,nghe thấy,,我听到了你的声音。(Wǒ tīngdàole nǐ de shēngyīn): Tôi nghe thấy giọng của bạn rồi.
2111,HSK 1,听见,hear,nhìn thấy,,我听见有人说话。(Wǒ tīngjiàn yǒu rén shuōhuà): Tôi nghe thấy có người nói chuyện.
2112,HSK 1,听写,dictation,nghe viết,,我们明天听写。(Wǒmen míngtiān tīngxiě): Ngày mai chúng ta nghe viết chính tả.
2113,HSK 1,同学,classmate,bạn học,,他是我的同学。(Tā shì wǒ de tóngxué): Anh ấy là bạn học của tôi.
2114,HSK 1,外,outside,ngoài,,他在外工作。(Tā zài wài gōngzuò): Anh ấy làm việc ở bên ngoài.
2115,HSK 1,外边,outside,bên ngoài,,外边有很多人。(Wàibian yǒu hěn duō rén): Bên ngoài có rất nhiều người.
2116,HSK 1,外语,foreign language,ngoại ngữ,,我在学外语。(Wǒ zài xué wàiyǔ): Tôi đang học ngoại ngữ.
2117,HSK 1,玩儿,play,chơi,,周末我喜欢跟朋友玩儿。(zhōumò wǒ xǐhuān gēn péngyǒu wánr) Cuối tuần tôi thích chơi với bạn bè.
2118,HSK 1,晚,late,tối,,他今天来得有点晚。(tā jīntiān lái de yǒudiǎn wǎn) Hôm nay anh ấy đến hơi muộn.
2119,HSK 1,晚饭,dinner,bữa tối,,我们一起吃晚饭吧。(wǒmen yīqǐ chī wǎnfàn ba) Chúng ta cùng ăn tối nhé.
2120,HSK 1,网上,online,trên mạng,,我喜欢在网上看电影。(wǒ xǐhuān zài wǎngshang kàn diànyǐng) Tôi thích xem phim trên mạng.
2121,HSK 1,网友,netizen,bạn trên mạng,,我有很多网友。(wǒ yǒu hěn duō wǎngyǒu) Tôi có rất nhiều bạn trên mạng.
2122,HSK 1,忘,forget,quên,,别忘了带手机。(bié wàng le dài shǒujī) Đừng quên mang điện thoại.
2123,HSK 1,问,ask,hỏi,,"老师，我可以问一个问题吗？(lǎoshī, wǒ kěyǐ wèn yí gè wèntí ma) Thưa thầy, em có thể hỏi một câu hỏi không?"
2124,HSK 1,午饭,lunch,bữa trưa,,你吃午饭了吗？(nǐ chī wǔfàn le ma) Bạn ăn trưa chưa?
2125,HSK 1,西,west,phương tây,,太阳从西边下山。(tàiyáng cóng xībiān xiàshān) Mặt trời lặn ở phía tây.
2126,HSK 1,西边,west side,phía tây,,学校在我家的西边。(xuéxiào zài wǒ jiā de xībiān) Trường học ở phía tây nhà tôi.
2127,HSK 1,下边,below,phía dưới,,他坐在我下边。(tā zuò zài wǒ xiàbian) Anh ấy ngồi ở dưới tôi.
2128,HSK 1,下车,get off the vehicle,xuống xe,,我们下车吧。(wǒmen xià chē ba) Chúng ta xuống xe đi.
2129,HSK 1,下课,class is over,tan học,,我们下课了。(wǒmen xiàkè le) Chúng tôi tan học rồi.
2130,HSK 1,想,want,"nghĩ, nhớ, muốn",,我想去中国。(wǒ xiǎng qù Zhōngguó) Tôi muốn đi Trung Quốc.
2131,HSK 1,小孩儿,child,trẻ con,,那个小孩儿很可爱。(nà gè xiǎoháir hěn kě’ài) Đứa trẻ kia rất dễ thương.
2132,HSK 1,小姐,miss,cô gái,,那位小姐是我的朋友。(nà wèi xiǎojiě shì wǒ de péngyǒu) Cô kia là bạn tôi.
2133,HSK 1,小朋友,child,bạn nhỏ,,小朋友们在唱歌。(xiǎopéngyǒu men zài chànggē) Các em nhỏ đang hát.
2134,HSK 1,小时,hour,"giờ, tiếng đồng hồ",,我每天学习两个小时。(wǒ měitiān xuéxí liǎng gè xiǎoshí) Mỗi ngày tôi học hai tiếng.
2135,HSK 1,小学,elementary school,tiểu học,,我弟弟在小学上学。(wǒ dìdi zài xiǎoxué shàngxué) Em trai tôi học ở trường tiểu học.
2136,HSK 1,小学生,elementary school student,học sinh tiểu học,,我是小学生。(wǒ shì xiǎoxuéshēng) Tôi là học sinh tiểu học.
2137,HSK 1,笑,laugh,cười,,他在笑。(tā zài xiào) Cậu ấy đang cười.
2138,HSK 1,新年,New Year,năm mới,,新年快乐！(xīnnián kuàilè) Chúc mừng năm mới!
2139,HSK 1,星期日,Sunday,chủ nhật,,星期日我们去看电影。(xīngqī rì wǒmen qù kàn diànyǐng) Chủ nhật chúng ta đi xem phim.
2140,HSK 1,行,to go,"được, đi",,"行，这个办法很好。(xíng, zhè gè bànfǎ hěn hǎo) Được, cách này rất hay."
2141,HSK 1,学,learn,học,,我在学汉语。(wǒ zài xué Hànyǔ) Tôi đang học tiếng Trung.
2142,HSK 1,页,page,trang,,请看第三页。(qǐng kàn dì sān yè) Xin xem trang thứ ba.
2143,HSK 1,一,one,một,,我有一个哥哥。(wǒ yǒu yí gè gēge) Tôi có một anh trai.
2144,HSK 1,医生,doctor,bác sĩ,,我妈妈是医生。(wǒ māma shì yīshēng) Mẹ tôi là bác sĩ.
2145,HSK 1,一半,half,một nửa,,我吃了一半苹果。(wǒ chī le yí bàn píngguǒ) Tôi đã ăn một nửa quả táo.
2146,HSK 1,一块儿,together,cùng nhau,,我们一块儿去吧。(wǒmen yí kuàir qù ba) Chúng ta cùng đi nhé.
2147,HSK 1,一下,a bit,một chút,,请你看一下。(qǐng nǐ kàn yíxià) Mời bạn xem một chút.
2148,HSK 1,一边,one side,một bên,,"他一边听音乐，一边写字。(tā yìbiān tīng yīnyuè, yìbiān xiě zì) Anh ấy vừa nghe nhạc vừa viết chữ."
2149,HSK 1,一点儿,a little,một chút,,我想吃一点儿米饭。(wǒ xiǎng chī yìdiǎnr mǐfàn) Tôi muốn ăn một ít cơm.
2150,HSK 1,有时候|有时,sometimes,có lúc ,,我有时候去跑步。(wǒ yǒu shíhou qù pǎobù) Thỉnh thoảng tôi đi chạy bộ.
2151,HSK 1,有 些,some,có một vài,,我买了一些香蕉。(wǒ mǎi le yìxiē xiāngjiāo) Tôi đã mua vài quả chuối.
2152,HSK 1,有用,useful,có ích,,这句话很有用。(zhè jù huà hěn yǒuyòng) Câu nói này rất hữu ích.
2153,HSK 1,右,right,bên phải,,请从右边走。(qǐng cóng yòubiān zǒu) Xin đi từ phía bên phải.
2154,HSK 1,右边,right side,bên phải,,银行在学校右边。(yínháng zài xuéxiào yòubiān) Ngân hàng ở bên phải trường học.
2155,HSK 1,雨,rain,mưa,,外面下雨了。(wàimiàn xiàyǔ le) Bên ngoài trời mưa rồi.
2156,HSK 1,元,yuan,"đồng, tệ",,一杯咖啡十元。(yì bēi kāfēi shí yuán) Một cốc cà phê mười tệ.
2157,HSK 1,再,again,lại,,请再给我一点儿水。(qǐng zài gěi wǒ yìdiǎnr shuǐ) Làm ơn cho tôi thêm chút nước nữa.
2158,HSK 1,在家,at home,ở nhà,,我在家做饭。(wǒ zàijiā zuòfàn) Tôi nấu ăn ở nhà.
2159,HSK 1,早饭,breakfast,bữa sáng,,我今天吃早饭了。(wǒ jīntiān chī zǎofàn le.) Hôm nay tôi đã ăn sáng rồi.
2160,HSK 1,站,stand,trạm,,我们在车站等你。(wǒmen zài chēzhàn děng nǐ) Chúng tôi đang đợi bạn ở trạm xe.
2161,HSK 1,找到,find,tìm thấy,,我找到我的钥匙了。(wǒ zhǎodào wǒ de yàoshi le.) Tôi đã tìm thấy chìa khóa rồi.
2162,HSK 1,这边,over here,bên này,,请到这边来。(qǐng dào zhèbiān lái) Mời đến bên này.
2163,HSK 1,这里,here,ở đây,,这里很安静。(zhèlǐ hěn ānjìng) Ở đây rất yên tĩnh.
2164,HSK 1,着,ongoing,đang,,他笑着跟我说话。(tā xiàozhe gēn wǒ shuōhuà) Anh ấy vừa cười vừa nói chuyện với tôi.
2165,HSK 1,真,TRUE,thật,,你真漂亮！(nǐ zhēn piàoliang) Bạn thật xinh đẹp!
2166,HSK 1,真的,really,thật sự,,我真的很喜欢这部电影。(wǒ zhēnde hěn xǐhuan zhè bù diànyǐng) Tôi thật sự rất thích bộ phim này.
2167,HSK 1,知识,knowledge,kiến thức,,学习知识很重要。(xuéxí zhīshi hěn zhòngyào) Học kiến thức là rất quan trọng.
2168,HSK 1,中,middle,giữa,,中午我们一起吃饭吧。(zhōngwǔ wǒmen yìqǐ chīfàn ba) Buổi trưa chúng ta cùng ăn nhé.
2169,HSK 1,中国,China,Trung Quốc,,"中国很大，也很美。(zhōngguó hěn dà, yě hěn měi) Trung Quốc rất rộng và đẹp."
2170,HSK 1,中学生,middle school student,học sinh trung học,,我是中学生。(wǒ shì zhōngxuéshēng) Tôi là học sinh trung học.
2171,HSK 1,字,character,chữ,,他的字很漂亮。 (Tā de zì hěn piàoliang.) - Chữ của anh ấy rất đẹp。
2172,HSK 1,子,child,thường đứng sau tạo nên danh từ,,这张桌子很大。 (Zhè zhāng zhuōzi hěn dà.) - Cái bàn này rất lớn。
2173,HSK 1,走,go,đi,,我们一起走吧。 (Wǒmen yīqǐ zǒu ba.) - Chúng ta cùng đi nhé。
2174,HSK 1,最后,last,cuối cùng,,这是最后一题。 (Zhè shì zuìhòu yī tí.) - Đây là câu hỏi cuối cùng。
2175,HSK 1,左,left,trái,,左边有一个公园。 (Zuǒbiān yǒu yīgè gōngyuán.) - Bên trái có một công viên。
2176,HSK 1,坐下,sit down,ngồi xuống,,"请坐下，休息一下。 (Qǐng zuò xià, xiūxí yīxià.) - Mời ngồi xuống, nghỉ ngơi một chút。"
238,HSK 2,作业,assignment,Bài tập,noun,作业 (assignment) = 作 (do) + 业 (work)
243,HSK 2,便条,note,Ghi chú,noun,"便条 (note) = 便 (convenient) + 条 (strip; slip)  
便 (convenient) = 亻 (person) + 更 (change)  
条 (strip) = 木 (wood) + 夂 (go slowly)"
249,HSK 2,充值,recharge,Nạp tiền,verb,"充值 (recharge) = 充 (fill) + 值 (value)
充 = 亠 (lid) + 儿 (person → full)
值 = 亻(person) + 直 (straight → value)"
252,HSK 2,免费,free (of charge),Miễn phí,adjective,"免费 (free) = 免 (exempt) + 费 (expense)  
免 (exempt) = 勹 (wrap) + 儿 (legs radical)  
费 (expense) = 贝 (shell; money) + 弗 (not)"
259,HSK 2,冰箱,fridge,Tủ lạnh,noun,"冰箱 (fridge) = 冰 (ice) + 箱 (box/chest)
冰 (ice) = 冫(ice radical) + 水 (water)
箱 (box) = 竹 (bamboo) + 相 (mutual)
相 (mutual) = 木 (wood) + 目 (eye)"
281,HSK 2,厨师,chef,Đầu bếp,noun,"厨师 (chef) = 厨 (kitchen) + 师 (master)
厨 (kitchen) = 广(shelter) + 豕(pig)
师 (master) = 巾(cloth) + 帀(go around)"
311,HSK 2,困,trapped,Bị mắc kẹt,verb/adjective,困 (trapped) = 囗 (enclosure) + 木 (tree)
348,HSK 2,小船,boat,Thuyền,noun,"小船 (boat) = 小 (small) + 船 (ship)
小 (small) = three small strokes (pictograph)"
359,HSK 2,希望,wish,Ước,adjective,希望 (wish) = 希 (hope) + 望 (look forward)
365,HSK 2,广告,Advertisement,Quảng cáo,Noun,广 = building; 告 = speak/announce
366,HSK 2,庆祝,celebrate,Kỷ niệm,verb,庆祝 (celebrate) = 庆 (celebrate) + 祝 (wish)
369,HSK 2,度假,vacation,Kỳ nghỉ,verb,"度假 (vacation) = 度 (to spend) + 假 (holiday)  
度 (to spend) = 广 (house) + 廿 (twenty) + 又 (hand)  
假 (holiday) = 亻 (person) + 叚 (borrow; false)"
371,HSK 2,异地,Long-distance,Yêu xa,Adjective,"异地 (long-distance)=异 (different)+地 (place)
异 (different)=巳 (sixth earthly branch)+廾 (two hands)
地 (place)=土 (earth)+也 (also)"
372,HSK 2,强,high standard,Tiêu chuẩn cao,Adjective,强 = 弓 (bow) + 口 (mouth) + 虫 (insect)
377,HSK 2,微博,Weibo (Chinese social media),Weibo,noun,"微博 (Weibo) = 微 (micro) + 博 (broad)  
微 (micro) = 彳 (step) + 山 (mountain) + 攵 (action)  
博 (broad) = 十 (ten) + 尃 (spread)"
383,HSK 2,总结,summarize,Tóm tắt,verb,"总结 (summarize) = 总 (general) + 结 (tie up)
总 = 口 (mouth) + 心 (heart)
结 = 纟(silk/thread) + 吉 (luck)"
392,HSK 2,打字,to type,Gõ máy,verb,"打字 (type) = 打 (hit; strike) + 字 (character) 
打 (hit) = 扌(hand) + 丁 (nail) 
字 (character) = 宀 (roof) + 子 (child)"
405,HSK 2,支付,pay (formal),Thanh toán,verb,"支付 (pay) = 支 (support; pay) + 付 (give; hand over)  
支 (support) = 十 (ten) + 又 (hand)  
付 (give) = 亻 (person) + 寸 (hand/measurement)"
406,HSK 2,收据,receipt,Hóa đơn,noun,"收据 (receipt) = 收 (receive) + 据 (proof; evidence)  
收 (receive) = 丩 (entwine) + 攵 (action hand)  
据 (proof) = 扌(hand) + 居 (reside)"
408,HSK 2,教室,classroom,Phòng học,noun,"教室 (classroom) = 教 (teach) + 室 (room)
教 (teach) = 孝(filial) + 攵(action)
孝 (filial) = 老(old) + 子(child)
室 (room) = 宀(roof) + 至(reach)"
409,HSK 2,散步,take a walk,Đi dạo,verb,"散步 (to take a walk) = 散 (to scatter) + 步 (step)  
散 (scatter) = 攵 (action) + 𢿱 (meal; break apart)  
步 (step) = 止 (stop) + 少 (few)"
410,HSK 2,数,count,Đếm,verb,"数 (count) = 攵 (action hand) + 娄 (bundle; collect)  
娄 (bundle) = 女 (woman) + 米 (rice)"
413,HSK 2,日历,calendar,Lịch,noun,"日历 (calendar) = 日 (sun; day) + 历 (experience; pass)  
历 (experience) = 厂 (cliff) + 力 (strength)"
627,HSK 2, 新鲜,fresh,Trong lành,Adjective,"新 = 立 (stand erect) + 十 (ten) + 小 (small) + 斤 (axe)
鲜 = 鱼 (fish) + 羊 (sheep)"
628,HSK 2,一定,surely,Chắc chắn,Adverb,"一 = 一 (one)
定 = 宀 (roof) + 一 (one) + 龰 (N/A)"
629,HSK 2,一直,continuously,Liên tục,Adverb,"一 = 一 (one)
直 = 十 (ten) + 目 (eye) + 一 (one)"
630,HSK 2,三十,thirty,Ba mươi,Noun,"三十 (thirty)=三 (three)+十 (ten)
三 (three)=一 (one)+一 (one)+一 (one)
十 (ten)=一 (one)+丨 (line)"
631,HSK 2,三十分,half (hour) - formal,Nửa giờ (trang trọng),adjective,三十分 (thirty minutes) = 三十 (thirty) + 分 (minute)
632,HSK 2,上架,shelves,Kệ,Verb,"上架 = 上 (up) + 架 (frame, rack)
架 = 加 (add) + 木 (wood)"
633,HSK 2,上网,surf the internet,Lướt mạng,verb phrase,"上网 (go online) = 上 (up) + 网 (net)  
上 (up) = 一 (one) + 丨 (line)  
网 (net) = 罒 (net radical) + 冂 (open)"
634,HSK 2,下午,Afternoon,Buổi chiều,Noun,"下 = down
 午 = axe (symbol of time)"
635,HSK 2,下次,next time,Lần sau,Noun,"下 = 一 (one) + 卜 (divination)
次 = 冫 (ice) + 欠 (yawn)"
636,HSK 2,下面,under,Dưới,preposition ,"下面 (below) = 下 (down) + 面 (surface)  
下 (down) = 一 (one) + 卜 (divine)  
面 (surface) = 囗 (enclosure) + 因 (cause)"
637,HSK 2,不是,Not (to be),Không phải,Phrase,"不 = stroke with hook (not)
 是 = 日 (sun) + 正 (correct)"
638,HSK 2,不过,But,Nhưng,Conjunction,"不 = 一 (one) + 丿 (bend) + 卜 (divination)
过 = 辶 (walk) + 寸 (thumb)"
639,HSK 2,与,and,Và,Conjunction,与 =  一 (one)
640,HSK 2,专业,speciality; discipline,Chuyên ngành,Noun,"专 = 二 (two) + 丨 (line) + 龴 (N/A)
业 = No glyph available + 丷 (eight/divide) + 一 (one)"
641,HSK 2,世界,world,Thế giới,Noun,"世 = ㇗ (N/A) + 廿 (two hands/twenty)
界 = 田 (field) + 人 (human) + ノ(left-falling stroke) + 丨(vertical stroke)"
642,HSK 2,东西,Things,Đồ vật,Noun,"东 = 一 + 木 (east)
 西 = cover + bird shape (west)"
643,HSK 2,两晚,Two nights,Hai đêm,Noun,"两 = 一 (one) + 从 (N/A) + 冂 (upside down box)
晚 = 日 (sun/day) + ⺈ (knife) + 口 (mouth) + 丨 (line) + 乚 (second)
"
644,HSK 2,中学,middle school,Trung học,Noun,"中 = 口 (mouth) + 丨 (line)
学 = ⺍ (small) + 冖 (cover) + 子 (child)"
645,HSK 2,中间,middle position,Vị trí trung tâm,Noun,"中 = 口 (mouth) + 丨 (line)
间 = 门 (gate) + 日 (sun/day)"
646,HSK 2,为,for the purpose of,Để / Nhằm mục đích,preposition,"为 = 力 (power/force) + ⺀ (dot)
"
647,HSK 2,主意,plan,Kế hoạch,Noun,"主 = 王 (jade) + 丶 (dot)
意 = 音 (sound) + 心 (heart)"
648,HSK 2,主要,main,Chính,Adjective,"主 = 王 (jade) + 丶 (dot)
要 = 覀 (west) + 女 (woman)"
649,HSK 2,之一,one of (sth),Một trong,Noun,"之 =王 (jade) + 丶 (dot) + 戈 (spear) 
一 = 一 (one)"
650,HSK 2,乌云,dark cloud,Mây đen,noun,"乌云 (dark cloud) = 乌 (black) + 云 (cloud)  
乌 (black) = 丿 (slash) + 鸟 (bird)  
云 (cloud) = 二 (two) + 厶 (private)"
651,HSK 2,乒乓球,table tennis,Bóng bàn,noun,乒乓球 (table tennis) = 乒 (ping) + 乓 (pong) + 球 (ball)
652,HSK 2,书法,calligraphy,Thư pháp,Noun,"书 =  丨 (line) + 丶 (dot)
法 = 氵 (water) + 土 (earth) + 厶 (private)"
653,HSK 2,了吧,already?,Đã… chưa?,Adverb,"了 = ㇇ (N/A) + 亅 (hook)
吧 = 口 (mouth) + 丨 (line) + 丨 (line) + 乚 (second)"
654,HSK 2,云南,Yunnan (province),Vân Nam,Noun,"云 = 二 (two) + 厶 (private)
南 = 十 (ten) + 冂 (upside down box) + 丷 (eight/divide) + 干 (dry)"
655,HSK 2,交流,communicate,Giao tiếp,Verb,"交 = 亠 (lid) + 八 (eight/divide) + 乂 (N/A)
流 = 氵 (water) + 亠 (lid) + 厶 (private) + 儿 (legs) + 丨 (line)"
656,HSK 2,交通,transportation,Giao thông,Noun,"交 = 亠 (lid) + 八 (eight/divide) + 乂 (N/A)
通 = 辶 (walk) = 龴 (N/A) + 用 (use)"
657,HSK 2,京剧,Peking Opera,Kinh kịch,Noun,"京 = 亠 (lid) + 口 (mouth) + 小 (small)
剧 = 尸 (corpse) + 十 (ten) + 口 (mouth) + 刂 (knife)"
658,HSK 2,人像,portrait,Chân dung,Noun,"人 = 人 (human)
像 = 亻 (human) + ⺈ (knife) + 口 (mouth) + 丨 (line) + 勹 (wrap)"
659,HSK 2,人口,population,Dân số,Noun,"人 = 人 (human)
口 = 口 (mouth)"
660,HSK 2,人数,number of people,Số người,Noun,"人 = 人 (human)
数 = 米 (rice) + 女 (woman) + ⺙ (knock)"
661,HSK 2,从,From,Từ,preposition,从 (fromy) = 人 (person) + 人 (person)
662,HSK 2,代表,represent,Đại diện,Verb,"代 = 亻 (human) + 弋 (arrow)
表 = 龶 (N/A) + ㇒ (N/A) + ㇗ (N/A) "
663,HSK 2,以后,later,Sau đó,Noun,"以 = 乚 (second) + 丶 (dot) + 人 (human)
后 = ⺁ (cliff) + 一 (one) + 口 (mouth)"
664,HSK 2,价目表,price list,Bảng giá,noun,"价目表 (price list) = 价 (price) + 目 (eye; item) + 表 (list; table)  
价 (price) = 亻 (person) + 介 (introduce)  
目 (eye) = 目 (eye radical itself)  
表 (list) = 衣 (cloth) + 上 (above)"
665,HSK 2,休息,rest,Nghỉ ngơi,Verb,"休 = 亻 (human) + 木 (tree)
息 = 自 (self) + 心 (heart)"
666,HSK 2,优秀,splendid,Tuyệt vời,Adjective,"优 = 亻 (human) + 尢 (lame) + 丶 (dot)
秀 = 禾 (grain) + ㇎ (N/A) + 丿 (bend)"
667,HSK 2,伦敦,London,London,proper noun,"伦敦 (London) = 伦 (ethics/order) + 敦 (honest)
伦 = 亻(person) + 仑(order)
敦 = 攵(action) + 享(enjoy)"
668,HSK 2,但,But,Nhưng,Conjunction,但 = 什 (what) + one
669,HSK 2,体育场,stadium,Sân vận động,noun,"体育场 (stadium) = 体育 (sports) + 场 (field/place)
体育 (sports) = 体 (body) + 育 (education) "
670,HSK 2,你们,You,Bạn,Pronoun,"你 = 亻 + 尔 (you)
 们 = 亻 + 门 (door)"
671,HSK 2,你呢,how about you,Còn bạn thì sao?,phrase (question particle 呢),"你呢 (how about you) = 你 (you) + 呢 (question particle)
你 (you) = 亻 (person) + 尔 (you)
呢 (particle) = 口 (mouth) + 尼 (nun)"
672,HSK 2,使用,use,Sử dụng,Verb,"使 = 亻 (human) + 十 (ten) + 口 (mouth) + 丨 (line) + 乂 (N/A)
用 = 用 (use)"
673,HSK 2,光线,light,Đèn / Ánh sáng,Noun,"光 = ⺌ (small) + 一 (one) + 儿 (legs)
线 = 纟 (silk) + 戋 (N/A)"
674,HSK 2,全家,Whole family,Cả gia đình,Noun,全 = 入 (enter) + 王 (king); 家 = 宀 (roof) + 豕 (pig)
675,HSK 2,八点,Eight o'clock,Tám giờ,Phrase,"八 = divide
 点 = see above"
676,HSK 2,公园,park,Công viên,Noun,"公 =  八 (eight/divide) + 厶 (private)
园 = 囗 (enclosure) + 二 (two) + 儿 (legs)"
677,HSK 2,其他, else,Khác / Những thứ khác,Pronoun,"其 = 甘 (sweet) + 一 (one) + 八 (eight/divide)
他 =>亻 (human) + 乚 (second) + ㇆ (N/A) + 丨 (line)"
678,HSK 2,再见,Goodbye,Tạm biệt,Phrase,"再 = 一 (one) + 冄 (again)
 见 = 目 (eye)"
679,HSK 2,军训,military training,Huấn luyện quân sự,noun,"军训 (military training) = 军 (army) + 训 (train; instruct)  
军 (army) = 冖 (cover) + 车 (vehicle)  
训 (train) = 讠(speech) + 川 (river)"
680,HSK 2,军队,army,Quân đội,noun,"军队 (army) = 军 (army) + 队 (team; troop)  
军 (army) = 冖 (cover) + 车 (vehicle)  
队 (team) = 阝 (mound) + 人 (person)"
681,HSK 2,农村,countryside,Nông thôn,Noun,"农 = 巾 (turban/scarf) + ㇒ (N/A) + ㇗ (N/A)
村 = 木 (tree) + 寸 (thumb)"
682,HSK 2,农民,farmer,Nông dân,Noun,"农 = 巾 (turban/scarf) + ㇒ (N/A) + ㇗ (N/A)
民 = 巳 (oneself) + ㇂ (N/A) + 一 (one)"
683,HSK 2,决定,decide,Quyết định,Verb,"决 = 冫 (ice) + 丨 (line) + 人 (human) + 𠃍 (vertical bend stroke) + 一 (one)
定 = 宀 (roof) +  一 (one) + 龰 (N/A)"
684,HSK 2,决心,determination,Quyết tâm,noun,"决心 (determination) = 决 (decide) + 心 (heart)  
决 (decide) = 冫 (ice) + 夬 (decide)  
心 (heart) = 心 (heart radical itself)"
685,HSK 2,准备,prepare; get ready,Chuẩn bị,Verb,"准 = 冫 (ice) + 隹 (small bird)
备 = 夂 (go) + 田 (field)"
686,HSK 2,凉快,cool,Mát,Adjective,"凉 = 冫 (ice) + 亠 (lid) + 口 (mouth) + 小 (small)
快 = 忄 (heart) + No glyph available + 丨 (line) + 人 (human)"
687,HSK 2,凉茶,herbal tea,Trà thảo mộc,noun,"凉茶 (herbal tea) = 凉 (cool) + 茶 (tea)  
凉 (cool) = 冫 (ice) + 京 (capital)  
茶 (tea) = 艹 (grass) + 人 (person) + 木 (tree)"
688,HSK 2,几岁,how old,Bao nhiêu tuổi,Asking age,"几 = 几 (table)
岁 = 山 (mountain) + 夕 (evening/unset)"
689,HSK 2,几点,What time?,Mấy giờ?,Phrase,"几 = small table (pictograph)
 点 = 灬 (fire) + 占 (occupy)"
690,HSK 2,出发,leaving,Rời đi,Verb,"出 = 出 (N/A)
发 = ㇗ (N/A) + 丨 (line) + 丶 (dot) + 又 (right hand)"
691,HSK 2,出差,business trip,Chuyến công tác,noun phrase,"出差 (business trip) = 出 (go out) + 差 (duty/errand)
出 = 屮(sprout) + 凵(container)
差 = 工(work) + 羊(sheep)"
692,HSK 2,出来,sun rise ,Ra ngoài / Đi ra,verb,"出来 (to rise; come out) = 出 (to go out) + 来 (to come)  
出 (go out) = 屮 (sprout) + 凵 (container)  
来 (come) = 木 (tree) + 夊 (walk slowly)"
693,HSK 2,分享,share,Chia sẻ,Verb,"分 = 八 (eight/divide) + 刀 (knife)
享 = 亠 (lid) + 口 (mouth) + 子 (child)"
694,HSK 2,别的,other,Khác,adjective phrase,"别的 (other) = 别 (separate) + 的 (possessive/structural particle)
别 = 刂 (knife) + another phonetic component
的 = 白 (white) + 勺 (spoon)"
695,HSK 2,刮风,to blow (of wind),Gió thổi,Verb,"刮 = 舌 (tongue) + 刂 (knife)
风 = 风 (wind)"
696,HSK 2,前面,before,Trước,preposition,"前面 (front) = 前 (before) + 面 (surface)  
前 (before) = ⺧ (cow) + 刀 (knife) + 月 (moon)  
面 (surface) = 囗 (enclosure) + 因 (cause)"
697,HSK 2,办公室,Office,Văn phòng,Noun,办 = 司 (command) + 办; 公 = 公 (public); 室 = 宿 (room) without 子
698,HSK 2,助理,assistant,Trợ lý,Noun,"助 = 月 (moon) + 一 (one) + 力 (power/force)
理 = 王 (jade) + 里 (village/mile)"
699,HSK 2,努力,strenuous,Gắng sức,Adjective,"努 = 女 (woman) + 又 (right hand) + 力 (power/force)
力 = 力 (power/force)"
700,HSK 2,勇敢,brave,Dũng cảm,adjective,"勇敢 (brave) = 勇 (courage) + 敢 (dare)  
勇 (courage) = 甬 (passage) + 力 (strength)  
敢 (dare) = 攵 (action) + 旱 (dry)"
701,HSK 2,化验,make a laboratory test,Làm xét nghiệm,Verb,"化 = 亻 (human) + 匕 (spoon) 
验 = 马 (horse) + 人 (human) + 一 (one) + ⺍ (small) + 一 (one)"
702,HSK 2,医务室,medical room,Phòng y tế,noun,医务室 (medical room) = 医务 (medical affairs) + 室 (room) = 医 (medical) + 务 (affair) + 室 (room)
703,HSK 2,千克,kilogram,Kilôgam,Measure,"千克 (kilogram)=千 (thousand)+克 (gram)
千 (thousand)=丿 (slash)+十 (ten)
克 (gram)=古 (ancient)+儿 (legs radical)
古 (ancient)=十 (ten)+口 (mouth)"
704,HSK 2,博客,blog,Blog,noun,"博客 (blog) = 博 (broad; extensive) + 客 (guest)  
博 (broad) = 十 (ten) + 尃 (spread)  
客 (guest) = 宀 (roof) + 各 (each; every)  
各 (each) = 夂 (go) + 口 (mouth)"
705,HSK 2,卧室,bedroom,Phòng ngủ,Noun,"卧 = 臣 (minister/official) + 卜 (divination)
室 = 宀 (roof) + 至 (arrive)"
706,HSK 2,历史,history; past record,Lịch sử,Noun,"历 = 厂 (cliff) + 力 (power/force)
史 = 口 (mouth) + 丨 (line) + 乂 (N/A)"
707,HSK 2,厉害,fierce,Dữ dội,Adjective,"厉 = 厂 (cliff) + 一 (one) + 丿 (bend) + ㇆ (N/A)
害 = 宀 (roof) + 一 (one) + 二 (two) + 丨 (line) + 口 (mouth)
"
708,HSK 2,厕所,restroom,Nhà vệ sinh,noun,"厕所 (restroom) = 厕 (toilet) + 所 (place)  
厕 (toilet) = 厂 (cliff) + 则 (rule; standard)  
所 (place) = 户 (door) + 斤 (axe)"
709,HSK 2,厨房,kitchen,Nhà bếp,Noun,"厨 = 厂 (cliff) + 豆 (bean) + 寸 (thumb)
房 = 户 (door/house) + 方 (square/raft)"
710,HSK 2,参加,join,Tham gia,Verb,"参 = 厶 (private) + 大 (big) + 彡 (bristle/beard)
加 = 力 (power/force) + 口 (mouth)"
711,HSK 2,参观,visit,Thăm,Noun,"参 = 厶 (private) + 大 (big) + 彡 (bristle/beard)
观 = 又 (right hand) + 见 (see)
"
712,HSK 2,双胞胎,twin,Sinh đôi,noun,"双胞胎 (twin) = 双 (double) + 胞 (womb) + 胎 (fetus)
双 = 又 (hand) + 又 (hand)
胞 = 月 (flesh) + 包 (wrap)
胎 = 月 (flesh) + 台 (platform)"
713,HSK 2,发展,develop,Phát triển,Verb,"发 = 丨 (line) -+ 丶 (dot) + 又 (right hand)
展 = 尸 (corpse) + 艹 (grass) + 一 (one) + 乚 (second)"
714,HSK 2,发音,pronunciation,Phát âm,Noun,"发 = ㇗ (N/A) + 丨 (line) + 丶 (dot) + 又 (right hand)
音 => 音 (sound)"
715,HSK 2,取钱,cash withdrawal,Rút tiền,verb phrase,"取钱 (cash withdrawal) = 取 (take) + 钱 (money)
取 = 耳 (ear) + 又 (hand → to take by force)
钱 = 钅(metal) + 戋 (small amount → money)"
716,HSK 2,口红,Lipstick,Son môi,Noun,口 (mouth) + 红 = 纟 + 工
717,HSK 2,口语,oral language; spoken language;,Ngôn ngữ nói / Kỹ năng nói,Noun,"口 = 口 (mouth)
语 = 讠 (speech) + 一 (one) + 力 (power/force) + 一 (one) + 口 (mouth)"
718,HSK 2,古老,age-old,Lâu đời,Adjective,"古 = 十 (ten) + 口 (mouth)
老 = 老 (old)"
719,HSK 2,句子,sentence,Câu,Noun,"句 = 勹 (wrap) + 口 (mouth)
子 = 子 (child)"
720,HSK 2,可以,Can / may,Có thể,Modal Verb,"可 = mouth + nail
 以 = person + slash"
721,HSK 2,可爱,cute,Dễ thương,adjective,"可爱 (cute) = 可 (can; able) + 爱 (love)  
可 (can; able) = 口 (mouth) + 丁 (nail)  
爱 (love) = 爫 (claw) + 冖 (cover) + 心 (heart)"
722,HSK 2,合适,fit perfectly,Vừa khít,Adjective,"合 = 人 (human) + 一 (one) + 口 (mouth)
适 = 辶 (walk) + 舌 (tongue)"
723,HSK 2,名,used for people,Dùng cho người,Measure word,名 = 夕 (evening/unset) + 口 (mouth)
724,HSK 2,后面,after,Sau,preposition,"后面 (after) = 后 (behind) + 面 (surface)  
后 (behind) = 一 (one) + 口 (mouth) + 人 (person)  
面 (surface) = 囗 (enclosure) + 因 (cause)"
725,HSK 2,听力,listening comprehension ,Kỹ năng nghe,Noun,"听 = 口 (mouth) + 斤 (axe)
力 = 力 (power/force)"
726,HSK 2,听说,Hear (it said),Nghe nói,Verb,"听 = 口 (mouth) + 斤 (axe – metaphor for sharp hearing)
 说 = 讠 (speech) + 兑 (exchange)"
727,HSK 2,周一,monday,Thứ Hai,Noun,"周 = 田 (field) + 口 (mouth)
一 = 一 (one)"
728,HSK 2,周围 ,around,Xung quanh,Noun,"周 = 田 (field) +  口 (mouth)
围 = 囗 (enclosure)  + 韦 (tanned leather)"
729,HSK 2,味道,taste,Hương vị,noun,"味道 (taste) = 味 (flavor) + 道 (way; manner)  
味 (flavor) = 口 (mouth) + 未 (not yet)  
道 (way) = 辶 (walk) + 首 (head)"
730,HSK 2,和,and,Và,conjunction,和 (and) = 禾 (grain) + 口 (mouth)
731,HSK 2,和平,peace,Hòa bình,Noun,"和 = 禾 (grain) + 口 (mouth)
平 = 干 (dry) + 丷 (eight/divide)"
732,HSK 2,咳嗽,cough,Ho,Verb,"咳 = 口 (mouth) + 亠 (lid) + 丨 (line) + ㇙ (N/A) + 人 (human)
嗽 = 口 (mouth) + 木 (tree) + 口 (mouth) + 欠 (yawn)"
733,HSK 2,哪国人,Nationality,Quốc tịch,noun,"哪国人 (which country person) = 哪 (which) + 国 (country) + 人 (person)
哪 (which) = 口(mouth) + 那(that)
那 (that) = 阝(city) + 月(moon/flesh)
国 (country) = 囗(enclosure) + 玉(jade)
人 (person) = pictograph of a standing person"
734,HSK 2,哪里,not at all,Không hề,Interjection,"哪 = 口 (mouth) + 那 (that)
里 = 田 (field) + 土 (earth) – something enclosed"
735,HSK 2,商店,Store,Cửa hàng,Noun,"商 = 立 (stand) + 冏 (bright)
 店 = 广 (shelter) + 占 (occupy)"
736,HSK 2,四川,Sichuan (Province),Tứ Xuyên,Noun,"四 = 囗 (enclosure) + 儿 (legs)
川 = 川 (river)"
737,HSK 2,回答,answer,Trả lời,verb,"回答 (answer) = 回 (return) + 答 (reply)  
回 (return) = 囗 (enclosure) + 口 (mouth)  
答 (reply) = ⺮(bamboo) + 合 (combine)"
738,HSK 2,国歌,national anthem,Quốc ca,noun,"国歌 (national anthem) = 国 (nation) + 歌 (song)  
国 (nation) = 囗 (enclosure) + 玉 (jade; treasure)  
歌 (song) = 哥 (elder brother) + 欠 (yawn; open mouth)"
739,HSK 2,图书馆,Library,Thư viện,Noun,"图 = 囗 (enclosure) + 冬 (winter)
 书 = 冖 (cover) + 又 (hand)
 馆 = 饣 (food) + 官 (official)"
740,HSK 2,地区,area,Khu vực,Noun,"地 = 土 (earth) + 乚 (second) + ㇆ (N/A) + 丨 (line)
区 = 匚 (box) + 乂 (N/A)"
741,HSK 2,地图,map,Bản đồ,noun,"地图 (map) = 地 (earth) + 图 (drawing)
地 (earth) = 土 (earth) + 也 (also)
图 (drawing) = 囗 (enclosure) + 冬 (winter)"
742,HSK 2,地方,district; locality,Khu vực / Địa phương,Noun,"地 = 土 (earth) + 乚 (second) + ㇆ (N/A) + 丨 (line)
方 = 方 (square/raft)"
743,HSK 2,地球,earth,Trái đất,noun,"地球 (earth) = 地 (earth; ground) + 球 (ball; globe)  
地 (earth) = 土 (earth) + 也 (also)  
球 (ball; globe) = 王 (jade) + 求 (to seek)"
744,HSK 2,垃圾,garbage ,Rác thải / Rác rưởi,noun,"垃圾 (garbage) = 垃 (trash) + 圾 (rubbish)  
垃 (trash) = 土 (earth) + 立 (stand)  
圾 (rubbish) = 土 (earth) + 及 (reach)"
745,HSK 2,士兵,soldier,Binh sĩ,noun,"士兵 (soldier) = 士 (soldier; man) + 兵 (troop)  
士 (soldier) = 士 (scholar; soldier radical itself)  
兵 (troop) = 乛 (bend) + 丘 (hill)"
746,HSK 2,声音,sound,Âm thanh,noun,"声音 (sound) = 声 (sound; voice) + 音 (tone)  
声 (sound) = 士 (scholar) + 尸 (body) + 壬 (ninth heavenly stem)  
音 (tone) = 立 (stand) + 日 (sun)"
747,HSK 2,备考,prepare for an exam,Chuẩn bị thi,Verb,"备 = 夂 (go) + 田 (field)
考 = 耂 (old) + 一 (one) + ㇉ (N/A)"
748,HSK 2,外面,out (move outside),Chuyển ra ngoài,Noun,"外 = 夕 (evening/unset) + 卜 (divination)
面 = 面 (face)"
749,HSK 2,多久,how long,Bao lâu,interrogative phrase,"多久 (how long) = 多 (many/much) + 久 (long time)
多 = 夕 (evening) +夕 (evening)
久 = 丿 (bend) + ⺁ (long stroke showing long-lasting)"
750,HSK 2,多云,cloudy,Có mây,adjective,"多云 (cloudy) = 多 (many) + 云 (cloud)  
多 (many) = 夕 (evening) + 夕 (evening)  
云 (cloud) = 二 (two) + 厶 (private)"
751,HSK 2,多大,how old,Bao nhiêu tuổi,Asking age,"多 =  多 (N/A)
大 = 大 (big)"
752,HSK 2,大便,stool,Phân,Noun,"大 = 大 (big)
便 = 亻 (human) + 一 (one) + 日 (sun/day) + 丨 (line) + 乂 (N/A)"
753,HSK 2,大卫,David (name),David,Noun,"大 = 大 (big)
卫 = ㇆ (N/A) + 丨 (line) + 一 (one)"
754,HSK 2,大夫,doctor,Bác sĩ,Noun,"大 = 大 (big)
夫 = 人 (human) + 二 (two)"
755,HSK 2,大学,University,Đại học,Noun,大 = big; 学 = roof + child + 学 radical
756,HSK 2,大楼,building; mansion,Tòa nhà,Noun,"大 = 大 (big)
楼 = 木 (tree) + 米 (rice) + 女 (woman)"
757,HSK 2,大理,dali city,Đại Lý,noun,"大 = 大 (big)
理 = 王 (jade) +  里 (village/mile)"
758,HSK 2,天气,Weather,Thời tiết,Noun,天 = sky; 气 = steam or air
759,HSK 2,天空,sky,Bầu trời,noun,"天空 (sky) = 天 (sky; heaven) + 空 (empty; space)  
天 (sky) = 一 (one) + 大 (big)  
空 (empty) = 穴 (cave) + 工 (work)"
760,HSK 2,太阳,sun,Mặt trời,noun,"太阳 (sun) = 太 (great) + 阳 (sunlight; positive)  
太 (great) = 大 (big) + 丶 (dot)  
阳 (sunlight) = 阝 (mound) + 昜 (bright; sun)"
761,HSK 2,失眠,insomnia,Mất ngủ,Noun,"失 = 人 (human) + 二 (two) + ㇒ (N/A)
眠 = 目 (eye) + 巳 (oneself) + ㇂ (N/A) + 一 (one)"
762,HSK 2,头疼,be worried about,Lo lắng về,Verb,"头 = 大 (big) + ⺀ (dot)
疼 = 疒 (sickness) + 夂 (go) + ⺀ (dot)"
763,HSK 2,奇怪,strange,Kỳ lạ,adjective,"奇怪 (strange) = 奇 (odd; strange) + 怪 (weird)  
奇 (odd) = 大 (big) + 可 (can)  
怪 (weird) = 忄(heart) + 圣 (holy)"
764,HSK 2,套,set,Đặt / Thiết lập,Measure word,套 = 大 (big) + 镸 (long/grow)
765,HSK 2,女儿,Daughter,Con gái,Noun,"女 = woman
 儿 = child"
766,HSK 2,女朋友,Girlfriend,Bạn gái,Noun,"女 = 女 (woman)
朋 = 朋 (N/A)
友 = 𠂇 (left hand) + 又 (right hand)"
767,HSK 2,奶奶,Grandmother,Bà,Noun,女 (woman) + 乃 (to bear)
768,HSK 2,好好,carefully,Cẩn thận,Adverb,好 = 女 (woman) + 子 (child)
769,HSK 2,妈妈,Mother,Mẹ,Noun,女 (woman) + 马 (horse) – phonetic
770,HSK 2,学习,Study / Learn,Học,Verb,"学 = 冖 (roof) + 子 (child) + ⺍ (hand/claw)
 习 = 羽 (feather, simplified) – implies “practice”"
771,HSK 2,孩子,child,Trẻ em,Noun,"孩 = 子 (child) + 亠 (lid) + 丨 (line) + ㇙ (N/A) + 人 (human)
子 = 子 (child)"
772,HSK 2,安静,quiet,Yên tĩnh,Adjective,"安 = 宀 (roof) + 女 (woman)
静 = 青 (green/blue) + ⺈ (knife) = ⺕ (pig snout) = 亅 (hook)"
773,HSK 2,客厅,living room,Phòng khách,Noun,"客 = 宀 (roof) + 夂 (go) + 口 (mouth)
厅 = 厂 (cliff) + 一 (one) + 亅 (hook)
"
774,HSK 2,害怕, scared,Sợ hãi / Lo sợ,adjective,"害怕 (afraid) = 害 (harm) + 怕 (fear)  
害 (harm) = 宀 (roof) + 口 (mouth) + 丰 (abundant)  
怕 (fear) = 忄(heart) + 白 (white)"
775,HSK 2,害羞,shy,Ngại,adjective,"害羞 (shy) = 害 (harm; timid) + 羞 (shy)  
害 (harm) = 宀 (roof) + 丰 (abundant) + 口 (mouth)  
羞 (shy) = 羊 (sheep) + 丑 (ugly)"
776,HSK 2,家乡,hometown,Quê hương,Noun,"家 = 宀 (roof) + 豕 (pig)
乡 = 乙 (second) +丿 (bend)"
777,HSK 2,容易,Easy,Dễ,Adjective,容 = roof + container; 易 = sun + stroke (easy)
778,HSK 2,寂寞,lonely,Cô đơn,Adjective,"寂 = 宀 (roof) + ⺊ (divination) + 一 (one) + 小 (small) + 又 (right hand)
寞 = 宀 (roof) + 艹 (grass) + 日 (sun/day) + 大 (big)"
779,HSK 2,射门,shoot (at the goal),Sút (ghi bàn),Verb,"射 = 身 (body) + 寸 (thumb)
门 = 门 (gate)"
780,HSK 2,小说,novel,Tiểu thuyết,noun,"小说 (novel) = 小 (small) + 说 (speak)  
小 (small) = ⺌ (small radical) + 丿 (stroke)  
说 (speak) = 讠 (speech radical) + 兑 (exchange)"
781,HSK 2,少数,few,Ít,Noun,"少 = 小 (small) + 丿 (bend)
数 = 米 (rice) + 女 (woman) + ⺙ (knock)"
782,HSK 2,尤其,especially,Đặc biệt,Adjective,"尤 = 尢 (lame) + 丶 (dot)
其 = 甘 (sweet) + 一 (one) + 八 (eight/divide)"
783,HSK 2,干燥,dry,Khô,adjective,"干燥 (dry) = 干 (dry) + 燥 (parched; arid)  
干 (dry) = 一 (one) + 十 (ten)  
燥 (parched) = 火 (fire) + 喿 (noisy; many trees)  
喿 (noisy) = 品 (many mouths) + 木 (tree)"
784,HSK 2,年轻,Young,Trẻ,Adjective,年 = 干 (dry) + 一; 轻 = 车 (car) + 圣 (holy)
785,HSK 2,广东,Guangdong,Quảng Đông,Proper Noun,"广东 (Guangdong)=广 (broad)+东 (east)
广 (broad)=厂 (cliff)+黄 (shelter component)
东 (east)=一 (one)+日 (sun)"
786,HSK 2,应用,applied,Ứng dụng,Adjective,"应 = 广 (house on cliff) + ⺍ (small) + 一 (one)
用 = 用 (use)"
787,HSK 2,应该,should; ought to,Nên,Verb,"应 = 广 (house on cliff) + ⺍ (small) + 一 (one)
该 = 讠 (speech) + 亠 (lid) + 丨 (line) + ㇙ (N/A) + 人 (human)"
788,HSK 2,座,Often used for larger or fixed objects.,Dùng cho vật lớn / cố định,Measure word,座 = 广 (house on cliff) + 土 (earth) + 从 (N/A)
789,HSK 2,开会,"meeting, to hold a meeting",Họp / Tổ chức họp,verb-object phrase,"开会 (meeting) = 开 (open/hold) + 会 (gather/meeting)
开 (open) = 一(one) + 廾(two hands)
会 (gather/meeting) = 人(person) + 云(to say/together)"
790,HSK 2,开发,exploit,Khai thác / Phát triển,Verb,"开 = 一 (one) + 廾 (N/A)
发 = ㇗ (N/A) + 丨 (line) + 丶 (dot) + 又 (right hand)"
791,HSK 2,开学,Start school,Bắt đầu học,Verb,开 = 门 (door) + 一 (open); 学 = cover + child + 爻 (lines)
792,HSK 2,开机,start a machine,Khởi động máy,Verb,"开 = 一 (one) + 廾 (N/A)
机 = 木 (tree) + 几 (table)"
793,HSK 2,弟弟,Younger brother,Em trai,Noun,弓 (bow) + 八 (eight) – symbolic for younger
794,HSK 2,当然,without doubt,Không nghi ngờ gì,Adverb,"当 = ⺌ (small) + 彐 (pig snout)
然 = 月 (moon) + 犬 (dog) + 灬 (fire)"
795,HSK 2,彩色,colour,Màu sắc,Noun,"颜色 (colour) = 颜 (face/appearance) + 色 (colour)
颜 (face/appearance) = 页 (head/page) + 彦 (elegant)
页 (head/page) = 丆 (one) + 贝 (shell/money)
彦 (elegant) = 产 (produce) + 彡 (hair/decoration)
色 (colour) = 巴 (wrap) + 卩 (seal)"
796,HSK 2,彩虹,rainbow,Cầu vồng,noun,"彩虹 (rainbow) = 彩 (color) + 虹 (rainbow; arc)  
彩 (color) = 彡 (hair; pattern) + 采 (to pick)  
采 (to pick) = 爫 (claw) + 木 (tree)  
虹 (rainbow) = 虫 (insect) + 工 (work)"
797,HSK 2,律师,Lawyer,Luật sư,Noun,律 = 彳 (step) + 聿 (brush); 师 = 幺 (tiny) + 帀
798,HSK 2,德国人,German,Người Đức / Tiếng Đức,noun,"德国人 (German) = 德 (virtue/Germany) + 国 (country) + 人 (person)
德 (virtue) = 彳 (step) + 直 (straight) + 心 (heart)
国 (country) = 囗 (enclosure) + 玉/王 (jade/king)
人 (person) = 亻 (person radical)"
799,HSK 2,忘记,forget,Quên,verb,"忘记 (forget) = 忘 (forget) + 记 (remember; record)  
忘 (forget) = 亡 (lose) + 心 (heart)  
记 (record) = 讠(speech) + 己 (self)"
800,HSK 2,思考,think,Suy nghĩ,Verb,"思 = 田 (field) + 心 (heart)
考 = 耂 (old) + 一 (one) + ㇉ (N/A)"
801,HSK 2,总经理,general manager,Tổng giám đốc,noun,"总经理 (general manager) = 总 (chief; general) + 经理 (manager)  
总 (general) = 丷 (divide) + 口 (mouth) + 心 (heart)  
经理 (manager) = 经 (manage) + 理 (reason; logic)  
经 (manage) = 纟(silk) + 巠 (passage)  
理 (reason) = 王 (jade) + 里 (inside)"
802,HSK 2,惊喜,pleasantly surprised,Ngạc nhiên vui mừng,Adjective,"惊 = 忄 (heart) + 亠 (lid) + 口 (mouth) + 小 (small)
喜 = 士 (scholar) + 口 (mouth) + 丷 (eight/divide) + 一 (one) + 口 (mouth)"
803,HSK 2,想要,want,Muốn,Verb,"想 = 木 (tree) + 目 (eye) + 心 (heart)
要 = 覀 (west) + 女 (woman)"
804,HSK 2,感冒,cold (illness),Cảm lạnh,noun,"感冒 (have a cold) = 感 (feel) + 冒 (emit; come out)  
感 (feel) = 咸 (salty) + 心 (heart)  
冒 (emit) = 冃 (cover) + 目 (eye)"
805,HSK 2,感觉,feel,Cảm thấy,Verb,"感觉 = 感 (feel, sense) + 觉 (perceive, awake)
感 = 咸 (all, salty) + 心 (heart)
觉 = 学 (study) + 目 (eye)"
806,HSK 2,愿意,be willing,Sẵn sàng,Verb,"愿 = 厂 (cliff) + 白 (white) + 小 (small) + 心 (heart)
意 = 音 (sound) + 心 (heart)"
807,HSK 2,慢慢,slowly,Chậm rãi,Adverb,慢 = 忄 (heart) + 日 (sun/day) +  罒 (net) + 又 (right hand)
808,HSK 2,成为,become,Trở thành,Verb,"成 = 一 (one) + 丿 (bend) + ㇆ (N/A) + 戈 (spear)
为 = 力 (power/force) + ⺀ (dot)"
809,HSK 2,成绩,result,Kết quả,Noun,"成 = 一 (one) + 丿 (bend) + ㇆ (N/A) + 戈 (spear)
绩 = 纟 (silk) + 龶 (N/A) + 贝 (shell)"
810,HSK 2,房子,house,Nhà,noun,房子 (house) = 房 (house/room) + 子 (noun suffix)
811,HSK 2,房租,rent,Thuê,Noun,"房 = 户 (door/house) + 方 (square/raft)
租 = 禾 (grain) = 月 (moon) + 一 (one)"
812,HSK 2,房间,room,Phòng,noun,"房间 (room) = 房 (house; building) + 间 (space; room)  
房 (house) = 户 (door; household) + 方 (square; direction)  
间 (space) = 门 (door) + 日 (sun)"
813,HSK 2,打听,ask about,Hỏi về,Verb,"打 = 扌 (hand) + 一 (one) + 亅 (hook)
听 = 口 (mouth) + 斤 (axe)"
814,HSK 2,打字机,typewriter,Máy đánh chữ,noun,"打字机 (typewriter) = 打字 (type) + 机 (machine)  
机 (machine) = 木 (wood) + 几 (table)"
815,HSK 2,打开,open,Mở,Verb,"打 = 扌 (hand) + 一 (one) + 亅 (hook)
开 = 一 (one) + 廾 (N/A)"
816,HSK 2,打折,discount,Giảm giá,verb,"打折 (discount) = 打 (hit) + 折 (break; fold)  
打 (hit) = 扌(hand) + 丁 (nail)  
折 (fold) = 扌(hand) + 斤 (axe)"
817,HSK 2,打雷,thunder,Sấm,verb / noun,"打雷 (thunder) = 打 (hit; strike) + 雷 (thunder)  
打 (hit) = 扌 (hand) + 丁 (nail)  
雷 (thunder) = ⻗ (rain) + 田 (field)"
818,HSK 2,托福,TOEFL,Kỳ thi TOEFL,Noun,"托 = 扌 (hand) + ㇒ (N/A) + 乚 (second) + 一 (one)
福 = 礻 (sign) + 一 (one) + 口 (mouth) + 田 (field)"
819,HSK 2,承受,bear,Gấu,Verb," 承 = ㇖ (N/A) + 水 (water) + 一 (one) +  二 (two)
受 = 爫 (claw/talon) + 冖 (cover) + 又 (right hand)"
820,HSK 2,投票,vote,Bỏ phiếu,verb/noun,"投票 (vote) = 投 (cast; throw) + 票 (ticket; vote)  
投 (cast) = 扌 (hand) + 殳 (weapon)  
票 (ticket) = 西 (west) + 示 (sign)"
821,HSK 2,护肤霜,cream,Kem,noun,"护肤霜 (skin cream) = 护 (protect) + 肤 (skin) + 霜 (cream)  
护 (protect) = 扌 (hand) + 户 (door)  
肤 (skin) = 月 (flesh) + 夫 (man)  
霜 (cream) = 雨 (rain) + 相 (mutual)"
822,HSK 2,拨浪鼓,rattle drum,Trống lắc tay,noun,拨浪鼓 (rattle drum) = 拨 (twist) + 浪 (wave/swing) + 鼓 (drum)
823,HSK 2,拿起,pick up,Nhặt lên,verb,"拿起 (pick up) = 拿 (hold) + 起 (rise)  
拿 (hold) = 合 (combine) + 手 (hand)  
起 (rise) = 走 (walk) + 己 (self)"
824,HSK 2,挑战,Challenging,Thách thức,Noun,"挑 = 扌 (hand) + 儿 (legs) + 冫 (ice)
战 = ⺊ (divination) + 口 (mouth) + 戈 (spear)"
825,HSK 2,推理,inference,Suy luận,Verb,"推 = 扌 (hand) + 隹 (small bird)
理 = 王 (jade) + 里 (village/mile)"
826,HSK 2,提高,improve,Cải thiện,Verb,"提 = 扌 (hand) + 日 (sun/day) + 一 (one) + 龰 (N/A)
高 = 高 (tall)"
827,HSK 2,搬到,move to,Chuyển đến,Verb,"搬 = 扌 (hand) + 舟 (boat) + 殳 (weapon/lance)
到 = 至 (arrive) + 刂 (knife)"
828,HSK 2,摄影,photography,Nhiếp ảnh,Noun,"摄 = 扌 (hand) + 耳 (ear) + 双 (N/A)
影 = 日 (sun/day) + 亠 (lid) + 口 (mouth) + 小 (small) + 彡 (bristle/beard)"
829,HSK 2,擅长,be good at,Giỏi về,Verb,"擅 = 扌 (hand) + 亠 (lid) + 回 (N/A) + 日 (sun/day) + 一 (one)
长 = 长 (long/grow)"
830,HSK 2,收银台,cashier,Thu ngân,noun,"收银台 (cashier) = 收 (receive) + 银 (silver; money) + 台 (counter; platform)  
收 (receive) = 丩 (entwine) + 攵 (action hand)  
银 (silver) = 钅 (metal) + 艮 (stubborn)  
台 (counter) = 厶 (private) + 口 (mouth)"
831,HSK 2,效果,effect,Hiệu quả,Adverb,"效果 = 效 (effect, imitate) + 果 (result)
效 = 亻(person) + 交 (intersect, exchange)
果 = 田 (field) + 木 (tree)"
832,HSK 2,教学楼,Teaching building,Tòa nhà giảng dạy,Noun,"教 = 孝 (filial) + 攵 (strike)
 学 = ⺍ + 冖 + 子
 楼 = 木 + 娄 (tower)"
833,HSK 2,数学,mathematics,Toán học,Noun,"数 = 米 (rice) + 女 (woman) + ⺙ (knock)
学 = ⺍ (small) + 冖 (cover) + 子 (child)"
834,HSK 2,整理,clean up ,Sắp xếp / Sửa soạn / Dọn dẹp,verb,"整理 (clean up) = 整 (arrange; organize) + 理 (manage; reason)  
整 (arrange) = 正 (correct) + 攵 (action; strike)  
理 (manage) = 王 (jade; king) + 里 (inside; village)"
835,HSK 2,文化,culture; civilization,Văn hóa,Noun,"文 = 文 (script/literature) 
化 = 亻 (human) + 匕 (spoon)"
836,HSK 2,新的,new,Mới,adjective,"新 (new) = 亲 (relative) + 斤 (axe)  
亲 (relative) = 立 (stand) + 木 (tree)"
837,HSK 2,新鲜,fresh,Trong lành,adjective,"新鲜 (fresh) = 新 (new) + 鲜 (fresh; bright)  
新 (new) = 亲 (relative) + 斤 (axe)  
亲 (relative) = 立 (stand) + 木 (tree)  
鲜 (fresh) = 鱼 (fish) + 羊 (sheep)"
838,HSK 2,方便,convenient,Thuận tiện,Adjective,"方 = 方 (square/raft)
便 = 亻 (human) + 一 (one) + 日 (sun/day) + 丨 (line) + 乂 (N/A)"
839,HSK 2,无力,weak,Yếu,Verb,"无 = 无 (have not)
力 = 力 (power/force)"
840,HSK 2,日本人,Japanese,Người Nhật / Tiếng Nhật,noun,"日本人 (Japanese) = 日本 (Japan) + 人 (person)
日 (sun/day) = 囗 (enclosure) + 一 (one)
本 (root/origin) = 木 (tree) + 一 (one, mark base)
人 (person) = 亻 (person radical, simple form)"
841,HSK 2,日用品,Daily use items,Đồ dùng hằng ngày,Noun,"日 = 日 (sun/day)
用 = 用 (use)
品 = 品 (N/A)"
842,HSK 2,日记,diary,Nhật ký,noun,"日记 (diary) = 日 (sun; day) + 记 (record)  
日 (sun; day) = 一 (one) + 囗 (enclosure)  
记 (record) = 讠 (speech radical) + 己 (self)"
843,HSK 2,早起,(early) morning,Sáng sớm,Noun,"早 = 日 (sun) + 十 (ten)
起 = 走 (run) + 己 (oneself)"
844,HSK 2,明媚,bright and beautiful,Tươi sáng,Adjective,"明 = 日 (sun/day) + 月 (moon)
媚 = 女 (woman) + 丨 (line) + 丨 (line) + 目 (eye)"
845,HSK 2,星星,star,Ngôi sao,noun,"星星 (star) = 星 (star) + 星 (star; repeated for plural)  
星 (star) = 日 (sun) + 生 (birth)"
846,HSK 2,星期三,Wednesday,Thứ Tư,Noun,星期 = week; 三 = three
847,HSK 2,星期二,Tuesday,Thứ Ba,Noun,星期 = week; 二 = two
848,HSK 2,星期五,Friday,Thứ Sáu,noun,"星期五 (Friday) = 星期 (week) + 五 (five)  
星期 (week) = 星 (star) + 期 (period; time)  
星 (star) = 日 (sun) + 生 (birth)  
期 (period; time) = 其 (it; that) + 月 (moon)  
五 (five) = 二 (two) + 三 (three)"
849,HSK 2,星期六,Saturday,Thứ Bảy,noun,"星期六 (Saturday) = 星期 (week) + 六 (six)  
星期 (week) = 星 (star) + 期 (period; time)  
星 (star) = 日 (sun) + 生 (birth)  
期 (period; time) = 其 (it; that) + 月 (moon)  
六 (six) = 亠 (lid) + 八 (eight)"
850,HSK 2,星期四,Thursday,Thứ Năm,Noun,星期 = week; 四 = four
851,HSK 2,星期天,Sunday,Chủ nhật,Noun,"星 = 日 (sun) + 生 (life)
 期 = 月 (moon) + 其 (its)
 天 = 一 + 大"
852,HSK 2,春天,spring,Mùa xuân,Noun,"春 = 一 (one) + 二 (two) + 丨 (line) + 八 (eight/divide) + 日 (sun/day)
天 = 一 (one) + 大 (big)"
853,HSK 2,昨天,Yesterday,Hôm qua,Noun,昨 = 日 (sun) + 乍 (suddenly); 天 = sky
854,HSK 2,晚上,Evening,Buổi tối,Noun,"晚 = 日 (sun) + 免 (avoid)
 上 = one + line"
855,HSK 2,晴朗,fine,Tốt / Mịn,Adjective,"晴 = 日 (sun/day) + 青 (green/blue)
朗 = 丨 (line) + 彐 (pig snout) + 乚 (second) + 丶 (dot) + 月 (moon)"
856,HSK 2,晾衣杆,clothes drying rod,Thanh phơi đồ,noun,"晾衣杆 (drying rod) = 晾 (dry in the air) + 衣 (clothes) + 杆 (rod; pole)  
晾 (dry) = 日 (sun) + 京 (capital; high)  
衣 (clothes) = 衣 (clothing radical itself)  
杆 (rod) = 木 (wood) + 干 (dry)"
857,HSK 2,暑假, summer vacation,Nghỉ hè,Noun,"暑 = 日 (sun/day) + 耂 (old) + 日 (sun/day)
假 = 亻 (human) + 尸 (corpse) + 二 (two) + 又 (right hand)"
858,HSK 2,暖和,warm,Ấm,adjective,"暖和 (warm) = 暖 (warm) + 和 (gentle; mild)  
暖 (warm) = 日 (sun) + 爰 (love; affection)  
爰 (love; affection) = 爫 (claw) + 父 (father) + 又 (hand)  
和 (gentle; mild) = 禾 (grain) + 口 (mouth)"
859,HSK 2,暴雨,heavy rain,Mưa lớn,noun,"暴雨 (rainstorm) = 暴 (violent; sudden) + 雨 (rain)  
暴 (violent) = 日 (sun) + 共 (together) + 水 (water)  
雨 (rain) = ⻗ (rain radical) + 水 (water; drops)"
860,HSK 2,最好,had better,Tốt hơn nên,Adverb,"最 = 曰 (say) + 耳 (ear) + 又 (right hand)
好 = 女 (woman) + 子 (child)"
861,HSK 2,有名,Famous,Nổi tiếng,Adjective,"有 = 又 (hand) + 月 (moon)
名 = 夕 (evening) + 口 (mouth)"
862,HSK 2,有的,some,Một số,Pronoun,"有 = 𠂇 (left hand) + 月 (moon)
的 = 白 (white) + 勹 (wrap) + 丶 (dot)"
863,HSK 2,木头,wood,Gỗ,noun,"木头 (wood) = 木 (tree) + 头 (suffix; noun marker)  
木 (tree) = 木 (tree radical itself)  
头 (suffix) = 大 (big) + 页 (head)"
864,HSK 2,机会,opportunity,Cơ hội,Noun,"机 = 木 (tree) + 几 (table)
会 = 人 (human) + 二 (two) + 厶 (private)"
865,HSK 2,机器人,robot,Robot,noun,机器人 (robot) = 机 (machine) + 器 (device) + 人 (person)
866,HSK 2,杂志,Magazine,Tạp chí,Noun,"杂 = 木 + 九 (mixed)
 志 = 心 + 士 (intention)"
867,HSK 2,李文,Li Wen (name),Lý Văn,Proper Noun,"李 = 木 (tree) + 子 (child)
 文 = writing"
868,HSK 2,村子,village,Làng,noun,村 (village) = 木 (wood) + 寸 (hand/measurement)
869,HSK 2,条,used for slender objects,Dùng cho vật dài nhỏ,Measure word,条 = 夂 (go) + 十 (ten) + 小 (small)
870,HSK 2,杯子,Cup,Cốc,Noun,"杯 = 木 (wood) + 不
 子 = child"
871,HSK 2,极了,extremely,Cực kỳ,Adjective,"极 = 木 (tree) + ㇎ (N/A) + 丿 (bend) + ㇏ (N/A)
了 = ㇇ (N/A) + 亅 (hook)"
872,HSK 2,楼梯,stairs,Cầu thang,noun,"楼梯 (stairs) = 楼 (building; floor) + 梯 (ladder; stairs)  
楼 (building) = 木 (wood) + 娄 (a phonetic component)  
梯 (ladder) = 木 (wood) + 弟 (younger brother)"
873,HSK 2,欧洲,Europe,Châu Âu,noun,"欧洲 (Europe) = 欧 (Europe; prefix) + 洲 (continent)  
欧 (Europe) = 区 (area) + 欠 (owe; lack)  
洲 (continent) = 氵 (water) + 州 (state; region)"
874,HSK 2,正在,in process of,Đang trong quá trình,Adverb," 正 = 一 (one) + 止 (stop)
在 = 𠂇 (left hand) + 亻 (human) + 土 (earth)"
875,HSK 2,正常,normal,Bình thường,adjective,"正常 (normal) = 正 (correct) + 常 (usual)  
正 (correct) = 一 (one) + 止 (stop)  
常 (usual) = 尚 (still) + 巾 (cloth)"
876,HSK 2,比赛,match,Trận đấu,Noun/Verb,"比 = 比 (compare/compete)
赛 = 宀 (roof) + 二 (two) + 一 (one) + 八 (eight/divide) + 贝 (shell)"
877,HSK 2,毛笔,calligraphy pen,Bút thư pháp,noun,"毛笔 (calligraphy pen) = 毛 (hair) + 笔 (pen)
毛 (hair) = pictograph of fur/hair
笔 (pen) = ⺮ (bamboo) + 毛 (hair)"
878,HSK 2,民族,nation,Dân tộc,Noun,"民 = 巳 (oneself) + ㇂ (N/A) + 一 (one)
族 = 方 (square/raft) + 丿 (bend) + 一 (one) + 矢 (arrow)"
879,HSK 2,气功,qigong,Khí công,Noun,"气 = 气 (steam/breath)
功 = 工 (work) + 力 (power/force)"
880,HSK 2,水平,level,Trình độ,Noun,"水 = 水 (water)
平 = 干 (dry) + 丷 (eight/divide)"
881,HSK 2,汉字,Chinese character,Chữ Hán,Noun,"汉 =  氵(water) + 又 (right hand)
字 = 宀 (roof) + 子 (child)"
882,HSK 2,汉语,Chinese language,Tiếng Trung,Noun,"汉 = 氵 (water) + 又
 语 = 讠 (speech) + 吾 (I)"
883,HSK 2,汤姆,Li Wen,Lý Văn,Proper Noun,"汤 = 氵(water) + ㇎ (N/A)
姆 = 女 (woman) + 母 (do not)"
884,HSK 2,没有,there is not,Không có,verb,"没有 (not have) = 没 (not) + 有 (have)  
没 (not) = 氵 (water) + 殳 (strike)  
有 (have) = 又 (hand) + 月 (flesh)"
885,HSK 2,没来,Didn't come,Không đến,Verb,"没 = 氵 (water) + 殳 (weapon/lance)
来 = 木 (tree) + 一 (one) + 丷 (eight/divide)"
886,HSK 2,没门儿,no way,Không thể nào,interjection,没门儿 (no way) = 没 (no) + 门儿 (door/opportunity)
887,HSK 2,河内,Hanoi (capital of Vietnam),Hà Nội,Noun,"河 = 氵 (water) + 一 (one) + 亅 (hook) + 口 (mouth)
内 = 人 (human) + 冂 (upside down box)"
888,HSK 2,法国人,French,Người Pháp / Tiếng Pháp,noun,"法国人 (French) = 法 (law/France) + 国 (country) + 人 (person)
法 (law/France) = 氵 (water) + 去 (go)
去 (go) = 土 (earth) + 厶 (private)"
889,HSK 2,法律,law,Luật,noun,"法律 (law) = 法 (law) + 律 (rule)  
法 (law) = 氵 (water) + 去 (go)  
律 (rule) = 彳 (step) + 聿 (writing brush)"
890,HSK 2,泥水,muddy water,Nước bùn,noun,"泥水 (muddy water) = 泥 (mud) + 水 (water)  
泥 (mud) = 氵 (water) + 尼 (nun)  
尼 (nun) = 尸 (corpse) + 匕 (spoon)"
891,HSK 2,泰国人,Thai (people),Người Thái,noun,"泰国人 (Thailand / Thai people) = 泰 (Thailand) + 国 (country) + 人 (person)
泰 (Thailand) = 水(water) + 大(big) + 艹(grass) + 氺(water variant)
国 (country) = 囗(enclosure) + 玉(jade)
人 (person) = pictograph of a standing person"
892,HSK 2,泳衣,swimming suit,Đồ bơi,noun,"泳衣 (swimming suit) = 泳 (to swim) + 衣 (clothes)  
泳 (to swim) = 氵 (water) + 永 (eternal)  
衣 (clothes) = 衣 (clothing radical itself)"
893,HSK 2,洗衣机,washing machine,Máy giặt,noun,"洗衣机 (washing machine) = 洗 (wash) + 衣 (clothes) + 机 (machine)  
洗 (wash) = 氵 (water) + 先 (first)  
衣 (clothes) = 衣 (clothing radical itself)  
机 (machine) = 木 (wood) + 几 (table)"
894,HSK 2,洗衣液,laundry detergent ,Nước giặt ủi / Chất tẩy giặt quần áo,noun,"洗衣液 (laundry detergent) = 洗衣 (wash clothes) + 液 (liquid)  
洗 (wash) = 氵 (water) + 先 (first)  
衣 (clothes) = 衣 (clothing radical itself)  
液 (liquid) = 氵 (water) + 夜 (night)"
895,HSK 2,流利,fluent,Trôi chảy,Adjective,"流 = 氵 (water) + 亠 (lid) + 厶 (private) + 儿 (legs) + 丨 (line)
利 = 禾 (grain) + 刂 (knife)"
896,HSK 2,浑身 ,whole body,Toàn thân,Noun,"浑 = 氵 (water) + 冖 (cover) + 车 (car)
身 = 身 (body)"
897,HSK 2,浪费,waste,Lãng phí,Verb,"浪 = 氵 (water) + 艮 (stopping) + 丶 (dot)
费 = 弓 (bow) + ノ(left-falling stroke) + 丨(vertical stroke) + 贝 (shell)"
898,HSK 2,消息, text,Tin tức / Thông điệp / Tin nhắn,noun,"消息 (text) = 消 (disappear; send out) + 息 (rest; news)  
消 (disappear) = 氵 (water) + 肖 (resemble)  
息 (rest; news) = 自 (self) + 心 (heart)"
899,HSK 2,清楚,clear,Rõ ràng / Trong,adjective,"清楚 (clear) = 清 (clear; pure) + 楚 (distinct; neat)  
清 (clear) = 氵 (water) + 青 (blue; green)  
楚 (distinct) = 林 (forest) + 疋 (cloth)"
900,HSK 2,温和,mild,Ôn hòa,adjective,"温和 (mild) = 温 (warm) + 和 (gentle)  
温 (warm) = 氵 (water) + 昷 (sunlight)  
和 (gentle) = 禾 (grain) + 口 (mouth)"
901,HSK 2,温暖,warm; kind,Ấm áp / Tử tế,Adjective,"温 = 氵 (water) + 日 (sun/day) + 皿 (dish)
暖 = 日 (sun/day) + 爫 (claw/talon) + 干 (dry) + 又 (right hand)"
902,HSK 2,滑冰,ice-skating,Trượt băng,Noun,"滑 = 氵 (water) + 骨 (bone)
冰 = 冫 (ice) + 水 (water)"
903,HSK 2,滑雪,skiing,Trượt tuyết,Verb,"滑 = 氵 (water) + 骨 (bone)
雪 = 雨 (rain) + 彐 (pig snout)"
904,HSK 2,满意,satisfied,Hài lòng,Adjective,"满 = 氵 (water) = 艹 (grass) + 一 (one) + 从 (N/A) + 冂 (upside down box)
意 = 音 (sound) + 心 (heart)"
905,HSK 2,潮湿,damp,Ẩm,adjective,"潮湿 (damp) = 潮 (tide; moist) + 湿 (wet; humid)  
潮 (tide) = 氵 (water) + 朝 (morning; dynasty)  
朝 (morning) = 日 (sun) + 月 (moon)  
湿 (wet) = 氵 (water) + 昜 (sunlight; bright)"
906,HSK 2,火锅,hot pot,Lẩu,Noun,"火 = 火 (fire)
锅 = 钅 (metal/gold) + 口 (mouth) + 人 (human) + 冂 (upside down box)"
907,HSK 2,照片,picture,Bức tranh,noun,"照片 (picture) = 照 (shine) + 片 (slice)
照 (shine) = 昭(bright) + 灬(fire)
昭 (bright) = 日(sun) + 召(call)
召 (call) = 刀(knife) + 口(mouth)
片 (slice) = pictograph of a slice of wood"
908,HSK 2,爱好, hobby; interest,Sở thích,Noun,"爱 = 爫 (claw/talon) + 冖 (cover) + 𠂇 (left hand) + 又 (right hand)
好 = 女 (woman) + 子 (child)"
909,HSK 2,爷爷,Grandfather,Ông,Noun,父 (father) + ⺧ (phonetic)
910,HSK 2,片,pills,Thuốc viên,Measure word,片 =  片 (a slice)
911,HSK 2,瓶,Bottle,Chai / Lọ,Measure word / Noun,瓦 (tile) + 并 (side by side) – container shape
912,HSK 2,电影,Movie / Film,Phim,Noun,"电 = electricity
影 = 景 (scene) + 彡 (shadow)"
913,HSK 2,电视,television,Ti vi,noun,"电视 (television) = 电 (electricity) + 视 (to see, vision)
电 (electricity) = ⻗ (rain radical) + 乚 (second stroke)
视 (to see, watch) = 见 (see) + 礻 (spirit radical)"
914,HSK 2,男朋友,Boy friend,Bạn trai,Noun,"男朋友 (boyfriend)=男 (male)+朋友 (friend)
男 (male)=田 (field)+力 (strength)
朋友 (friend)=朋 (companion)+友 (friend)
朋 (companion)=月 (moon)+月 (moon)
友 (friend)=又 (right hand)+𠂇 (person)"
915,HSK 2,症状,symptom,Triệu chứng,Noun,"症 = 疒 (sickness) + 一 (one) + 止 (stop)
状 = 丬 (split wood) + 犬 (dog)"
916,HSK 2,看书,To read a book,Đọc sách,Verb,"看 = 手 (hand) + 目 (eye)
 书 = simplified of 書 (brush + writing)"
917,HSK 2,着急,anxious,Lo lắng,adjective,"着急 (anxious) = 着 (touch; attach) + 急 (urgent)  
着 (touch) = ⺙(action) + 羊 (sheep)  
急 (urgent) = 忄(heart) + 及 (reach)"
918,HSK 2,知道,To know,Biết,Verb,"知 = 矢 (arrow) + 口 (mouth)
 道 = 辶 (walk) + 首 (head) – path of understanding"
919,HSK 2,矿物,mineral,Khoáng chất,noun,"矿物 (mineral) = 矿 (ore) + 物 (substance)  
矿 (ore) = 石 (stone) + 广 (shelter)  
物 (substance) = 牛 (cow) + 勿 (do not)"
920,HSK 2,程序,program,Chương trình,Noun,"程 = 禾 (grain) + 口 (mouth) + 王 (jade)
序 = 广 (house on cliff) + 龴 (N/A) + ㇖ (N/A) + 亅 (hook)"
921,HSK 2,空气,air,Không khí,Noun,"空 = 穴 (cave) + 工 (work)
气 = 气 (steam/breath)"
922,HSK 2,空调,air conditioner,Máy điều hòa,Noun,"空 = 穴 (cave) + 工 (work)
调 = 讠 (speech) + 田 (field) + 口 (mouth)"
923,HSK 2,窗户,window,Cửa sổ,Noun,"窗 = 穴 (cave) + 囗 (enclosure) + 丶 (dot), 夂 (go)
户 = 户 (door/house)"
924,HSK 2,笔记,note,Ghi chú,noun,"笔记 (notes) = 笔 (pen) + 记 (record)  
笔 (pen) = 竹 (bamboo) + 毛 (hair)  
记 (record) = 讠 (speech) + 己 (self)"
925,HSK 2,篮球,basketball,Bóng rổ,Noun,"篮 = ⺮ (bamboo) + 丨 (line) + 丨 (line) + 丿 (bend) + 一 (one) + 丶 (dot) + 皿 (dish)
球 = 王 (jade) + 𠂇 (left hand) + 丶 (dot) + 氺 (water)"
926,HSK 2,米,metre,Mét,Measure word,米 = 米 (rice)
927,HSK 2,糟糕,what a mistake,Thật là sai lầm,Interjection," 糟 = 米 (rice) + 艹 (grass) + 二 (two) + 凵 (container) + 日 (sun/day)
糕 = 米 (rice) + 羊 (sheep) + 灬 (fire)"
928,HSK 2,紧张,nervous,Căng thẳng,adjective,"紧张 (nervous) = 紧 (tight) + 张 (stretch)  
紧 (tight) = 纟 (silk) + 启 (open)  
张 (stretch) = 弓 (bow) + 长 (long)"
929,HSK 2,红茶,Black tea,Trà đen,Noun,"红 = 纟 (silk) + 工 (work)
 茶 = see above"
930,HSK 2,组织, organization,Tổ chức,Noun,"组 = 纟 (silk) + 月 (moon) + 一 (one)
织 = 纟 (silk) + 口 (mouth)  + 八 (eight/divide)"
931,HSK 2,结婚,get married,Kết hôn,verb phrase,结婚 (get married) = 结 (tie) + 婚 (marriage)
932,HSK 2,结束,stop,Dừng lại,verb,"结束 (end) = 结 (tie; knot) + 束 (bundle; bind)  
结 (tie) = 纟(silk) + 吉 (lucky; auspicious)  
束 (bundle) = 木 (wood) + 口 (mouth)"
933,HSK 2,给,to ,Cho / Đưa cho,preposition,"给 (to) = 纟 (silk) + 合 (combine; together)  
合 (combine) = 人 (person) + 一 (one) + 口 (mouth)"
934,HSK 2,维护,maintain,Bảo trì,Verb,"维 = 纟 (silk) + 隹 (small bird)
护 = 扌 (hand) + 户 (door/house)"
935,HSK 2,绿色,green,Xanh lá,adjective,"绿色 (green) = 绿 (green) + 色 (color)  
绿 (green) = 纟 (silk) + 彔 (cut)  
色 (color) = 人 (person) + 巴 (wrap)"
936,HSK 2,绿茶,Green tea,Trà xanh,Noun,"绿 = 纟 (silk) + 录 (record)
 茶 = tea"
937,HSK 2,美容院,beauty salon,Thẩm mỹ viện,noun,"美容院 (beauty salon) = 美容 (beauty) + 院 (institution; building)  
美 (beautiful) = 羊 (sheep) + 大 (big)  
容 (appearance) = 宀 (roof) + 谷 (valley)  
院 (institution) = 阝(mound) + 完 (complete)"
938,HSK 2,美金,US Dollar,Đô la Mỹ,Noun,美 = 羊 (sheep) + 大 (big); 金 = metal/gold
939,HSK 2,翻译,translator; interpreter,Phiên dịch viên,Noun,"翻 = 釆 (distinguish/choose) + 田 (field) + 羽 (feather)
译 = 讠 (speech) + 又 (right hand) + 二 (two) + 丨 (line)"
940,HSK 2,老挝,Laos,Lào,proper noun,"老挝 (Laos) = 老 (old/aged) + 挝 (strike/beat)
老 = 耂 (old) + 匕 (person)
挝 = 扌(hand) + 戉 (axe/weapon, meaning “strike”)"
941,HSK 2,耳机,ear phone,Tai nghe,noun,"耳机 (ear phone) = 耳 (ear) + 机 (device)
耳 (ear) = pictograph of an ear
机 (device) = 木 (wood) + 几 (small table)"
942,HSK 2,聊天,chat; gossip,Tán gẫu,Verb,"聊 = 耳 (ear)  + 卯 (N/A)
天 = 一 (one) + 大 (big)"
943,HSK 2,职业,occupation,Nghề nghiệp,Noun,"职 = 耳 (ear) + 口 (mouth) + 八 (eight/divide)
业 = 丷 (eight/divide) + 一 (one)"
944,HSK 2,肚子,stomach,Dạ dày,Noun,"肚 = 月 (moon) + 土 (earth)
子 = 子 (child)"
945,HSK 2,能力,ability,Khả năng,Noun,"能 = 厶 (private) + 月 (moon)
力 = 力 (power/force)"
946,HSK 2,舒服,comfortable,Thoải mái,Adjective,"舒 = 人 (human) + 干 (dry) + 口 (mouth) + 龴 (N/A) + ㇖ (N/A) + 亅 (hook)
服 = 月 (moon) + 卩 (seal) + 又 (right hand)"
947,HSK 2,航海,navigation,Dẫn đường,noun,"航海 (navigation) = 航 (navigate) + 海 (sea)  
航 (navigate) = 舟 (boat) + 亢 (high)  
海 (sea) = 氵 (water) + 每 (each)"
948,HSK 2,节奏,tempo,Nhịp độ,adjective,"节 = 艹 (grass) + ㇆ (N/A) + 丨 (line)
奏 = 一 (one) + 二 (two) + 丨 (line) + 八 (eight/divide) + 一 (one) + 大 (big)"
949,HSK 2,节目,program,Chương trình,Noun,"节 = 艹 (grass) + ㇆ (N/A) + 丨 (line)
目 = 目 (eye)"
950,HSK 2,英文,english,Tiếng Anh,Noun,"英 = 艹 (grass) + 大 (big) + 冂 (upside down box) 
文 =  文 (script/literature)"
951,HSK 2,英语,english language,Tiếng Anh,Noun,"英 = 艹 (grass) + 大 (big) + 冂 (upside down box)
语 = 讠 (speech) + 一 (one) + 力 (power/force) + 一 (one) + 口 (mouth)"
952,HSK 2,英雄,hero,Anh hùng,noun,"英雄 (hero) = 英 (brave; outstanding) + 雄 (male; strong)  
英 (brave) = 艹 (grass) + 央 (center)  
雄 (strong) = 隹 (short-tailed bird) + 厷 (power; stretch)"
953,HSK 2,茄子,eggplant,Cà tím,noun,"茄子 (eggplant) = 茄 (eggplant) + 子 (noun suffix)  
茄 (eggplant) = 艹 (grass) + 加 (add)  
子 (suffix) = 子 (child)"
954,HSK 2,茶叶,Tea leaves,Lá trà,Noun,"茶 = 艹 (grass) + 人 (person) + 木 (tree)
 叶 = 口 (mouth) + 十 (ten)"
955,HSK 2,草地,grass,Cỏ,noun,草 (grass) = 艹 (grass radical) + 早 (early)
956,HSK 2,药店,pharmacy,Nhà thuốc,noun,"药店 (pharmacy) = 药 (medicine) + 店 (shop)  
药 (medicine) = 艹 (grass) + 乐 (music; happy)  
店 (shop) = 广 (house on cliff) + 占 (occupy)"
957,HSK 2,表演,perform,Biểu diễn,Verb,"表 = 龶 (N/A) + ㇒ (N/A) + ㇗ (N/A)
演 = 氵 (water) + 宀 (roof) + 一 (one) + 二 (two) + 丨 (line) + 凵 (container) + 八 (eight/divide)"
958,HSK 2,衬衫,shirt,Áo sơ mi,Noun,"衬 = 衤 (clothes) + 寸 (thumb)
衫 = 衤 (clothes) + 彡 (bristle/beard)"
959,HSK 2,裙子,skirt,Váy,Noun,"裙 = 衤 (clothes) + ⺕ (pig snout) + 丨 (line) + 口 (mouth)
子 = 子 (child)"
960,HSK 2,觉得,To feel,Cảm thấy,Verb,觉 = 视 (see) + 觉; 得 = 德 (virtue) without heart
961,HSK 2,解决,solve,Giải quyết,Verb,"解 = 角 (horn) + 刀 (knife) + 牛 (cow)
决 = 冫 (ice) + 大 (big) + 𠃍 (Vertical bend stroke)丨 (line) + 人 (human)"
962,HSK 2,认真,serious,Nghiêm túc,Adjective,"认 =  讠 (speech) + 人 (human)
真 = 十 (ten) + 目 (eye) + 一 (one) + 八 (eight/divide)"
963,HSK 2,讨厌,hate,Ghét,verb,"讨厌 (hate) = 讨 (to dislike) + 厌 (disgusted)  
讨 (to dislike) = 讠 (speech) + 寸 (inch)  
厌 (disgusted) = 厂 (cliff) + 犬 (dog)"
964,HSK 2,记得,remember,Nhớ,verb,"记得 (remember) = 记 (remember; record) + 得 (get; obtain)  
记 (record) = 讠(speech) + 己 (self)  
得 (obtain) = 彳 (step) + 旦 (sunrise component)"
965,HSK 2,论文,thesis,Luận văn,noun,"论文 (thesis) = 论 (discuss) + 文 (writing)  
论 (discuss) = 讠(speech) + 仑 (order)  
文 (writing) = 文 (script radical itself)"
966,HSK 2,语法,grammar,Ngữ pháp,Noun,"语 = 讠 (speech) + 一 (one) + 力 (power/force) + 一 (one) + 口 (mouth)
法 = 氵 (water) + 土 (earth) + 厶 (private)"
967,HSK 2,请问,May I ask,Xin hỏi,Phrase,"请 = 讠(speech) + 青 (green)
 问 = 门 (door) + 口 (mouth)"
968,HSK 2,谈到,speak of (about),Nói về,Verb,"谈 = 讠 (speech) + 炎 (N/A)
到 = 至 (arrive) + 刂 (knife)
"
969,HSK 2,豆腐,tofu,Đậu phụ,noun,"豆腐 (tofu) = 豆 (bean) + 腐 (rotten; fermented)  
豆 (bean) = 豆 (bean radical itself)  
腐 (fermented) = 府 (government hall) + 肉 (meat radical 月)"
970,HSK 2,货币,Currency,Tiền tệ,Number,"货币 (currency)=货 (goods)+币 (money)
货 (goods)=化 (transform)+贝 (shell/money)
化 (transform)=亻 (person)+匕 (spoon)
币 (money)=巾 (cloth)+丿 (slash)"
971,HSK 2,购物袋,shopping bag,Túi mua sắm,noun,"购物袋 (shopping bag) = 购物 (shopping) + 袋 (bag)  
购物 (shopping) = 购 (buy) + 物 (thing)  
购 (buy) = 贝 (money) + 勾 (hook)  
物 (thing) = 牛 (cow) + 勿 (do not)  
袋 (bag) = 代 (replace) + 衣 (clothes)"
972,HSK 2,购物车,shopping cart,Giỏ hàng,noun,"购物车 (shopping cart) = 购物 (shopping) + 车 (cart)  
购物 (shopping) = 购 (buy) + 物 (thing)  
购 (buy) = 贝 (money) + 勾 (hook)  
物 (thing) = 牛 (cow) + 勿 (do not)  
车 (cart) = 车 (vehicle radical itself)"
973,HSK 2,起来,get up,Thức dậy,Verb,"起 = 走 (run) + 己 (oneself)
来 = 木 (tree) + 一 (one) + 丷 (eight/divide)"
974,HSK 2,越南,Vietnamese,Người Việt / Tiếng Việt,proper noun,"越南 (Vietnam) = 越 (to surpass) + 南 (south)
越 (to surpass) = 走 (to walk) + 戉 (axe)
南 (south) = 十 (ten) + 冂 (border) + 丨(stroke)"
975,HSK 2,足球,soccer; football,Bóng đá,Noun,"足 = 足 (foot)
球 = 王 (jade) + 𠂇 (left hand) + 丶 (dot), 氺 (water)"
976,HSK 2,跑步,running,Chạy bộ,Noun,"跑 = ⻊ (foot) + 勹 (wrap) + 巳 (oneself)
步 = 止 (stop) + 小 (small) + 丿 (bend)"
977,HSK 2,踢平,Kick flat,Sút phẳng,Noun,"踢 = ⻊ (foot) + 日 (sun/day) + 勹 (wrap)
平 = 干 (dry) + 丷 (eight/divide)"
978,HSK 2,身体,Body/Health,Sức khỏe,Noun,"身 = oneself
 体 = 人 (person) + 本 (origin)"
979,HSK 2,软件,software,Phần mềm,Noun,"软 = 车 (car) + 欠 (yawn)
件 = 亻 (human) + 牛 (cow)"
980,HSK 2,过,have done,Đã làm,Particle,过 = 辶 (walk) + 寸 (thumb)
981,HSK 2,过奖,flatter,Nịnh,Verb,"过 = 辶 (walk) + 寸 (thumb)
奖 = 丬 (split wood) + 夕 (evening/unset) + 大 (big)"
982,HSK 2,还是,or,Hoặc,conjunction,"或 (or) = 戈 (halberd) + 口 (mouth)
戈 (halberd) = 戈 (basic radical itself)"
983,HSK 2,还有,Also have,Cũng có,Phrase,还 = still; 有 = have
984,HSK 2,这些,These,Những cái này,Pronoun,"这 = 辶 (walk) + 文 (writing)
 些 = 此 (this) + 二 (two – plurality)"
985,HSK 2,远处,distance,Khoảng cách,Adjective,"远 = 辶 (walk) + 二 (two) + 儿 (legs)
处 = 夂 (go) + 卜 (divination)"
986,HSK 2,退休,retire,Nghỉ hưu,verb,"退休 (retire) = 退 (retreat; withdraw) + 休 (rest)  
退 (retreat) = 辶 (walk) + 艮 (stubborn)  
休 (rest) = 亻 (person) + 木 (tree)"
987,HSK 2,适合,suitable to do sth,Phù hợp để làm gì,Verb,"适 = 辶 (walk) + 舌 (tongue)
合 = 人 (human) + 一 (one) + 口 (mouth)"
988,HSK 2,选择,select,Chọn,Verb,"选 = 辶 (walk) + ⺧ (cow) + 儿 (legs)
择 = 扌 (hand) + 又 (right hand) + 二 (two)  + 丨 (line)"
989,HSK 2,速成课,crash,Va chạm,noun,速成课 (crash course) = 速 (fast) + 成 (complete) + 课 (lesson)
990,HSK 2,逻辑,logicality,Tính logic,Noun,"逻 = 辶 (walk) + 罒 (net) + 夕 (evening/unset)
辑 = 车 (car) + 口 (mouth) + 耳 (ear)"
991,HSK 2,遇到,Encounter,Gặp gỡ,Verb,"遇 = 辶 (walk) + 冂 (upside down box) + 二 (two) + 丨 (line) + 禸 (track)
到 = 至 (arrive) + 刂 (knife)
"
992,HSK 2,道,measure word for questions,Câu (câu hỏi),Measure word,道 = 辶 (walk) + 首 (head)
993,HSK 2,那么,in that way,Theo cách đó,Pronoun,"那 = ㇆ (N/A) + 二 (two) + 丨 (line) + 阝 (town)
么 = 丿 (bend)  + 厶 (private)"
994,HSK 2,邮件,email,Email,noun,"邮件 (email) = 邮 (post; mail) + 件 (item; document)  
邮 (post) = 阝(city radical) + 由 (from; cause)  
件 (item) = 亻(person) + 牛 (cow)"
995,HSK 2,重要,concern,Quan tâm,adjective,"重要 (important) = 重 (heavy) + 要 (want; essential)  
重 (heavy) = 千 (thousand) + 里 (mile)  
要 (want) = 西 (west) + 女 (woman)"
996,HSK 2,钟头,hour,Giờ,Noun,"钟 = 钅 (metal/gold) + 口 (mouth) + 丨 (line)
头 = 大 (big) + ⺀ (dot)"
997,HSK 2,钱包,wallet,Ví tiền,noun,"钱包 (wallet) = 钱 (money) + 包 (bag)  
钱 (money) = 钅(metal) + 戋 (small)  
包 (bag) = 勹 (wrap) + 巳 (snake shape)"
998,HSK 2,锻炼,To exercise,Tập thể dục,Verb,锻 = metal + near; 炼 = fire + east
999,HSK 2,长城,Great Wall,Vạn Lý Trường Thành,proper noun,"长城 (Great Wall) = 长 (long) + 城 (city wall)
长 = long (original pictograph)
城 = 土(earth) + 成(become)"
1000,HSK 2,门,used for subjects of study or field of technical training,Chuyên ngành (lượng từ),Measure word,门 = 门 (gate)
1001,HSK 2,闪电,lightning,Tia chớp,noun,"闪电 (lightning) = 闪 (flash) + 电 (electricity)  
闪 (flash) = 门 (door) + 人 (person radical)  
电 (electricity) = 雨 (rain) + 乚 (stroke)"
1002,HSK 2,间,The smallest unit of a house.,Căn hộ,Measure word,间 = 门 (gate) + 日 (sun/day)
1003,HSK 2,闷热,humid,Ẩm ướt,adjective,"闷热 (humid) = 闷 (stuffy) + 热 (hot)  
闷 (stuffy) = 门 (door) + 心 (heart)  
热 (hot) = 执 (hold) + 灬 (fire radical)  
执 (hold) = 丸 (small ball) + 幸 (fortunate)"
1004,HSK 2,阳光,sunlight,Ánh nắng,Noun,"阳 = 阝 (town) + 日 (sun/day)
光 = ⺌ (small) + 一 (one) + 儿 (legs)"
1005,HSK 2,阿姨,auntie,Cô / Dì,Noun,"阿 = 阝 (town) + 一 (one) + 亅 (hook) + 口 (mouth)
姨 = 女 (woman) + 大 (big) + 弓 (bow)"
1006,HSK 2,难过,sad,Buồn,Adjective,"难 =  又 (right hand) + 隹 (small bird)
过 = 辶 (walk) + 寸 (thumb)"
1007,HSK 2,雄伟,magnificent,Hùng vĩ,Adjective,"雄 = 𠂇 (left hand) + 厶 (private) + 隹 (small bird)
伟 = 亻 (human) + 韦 (tanned leather)"
1008,HSK 2,集合,come together,Tụ họp,Verb,"集 = 隹 (small bird) + 木 (tree)
合 = 人 (human) + 一 (one) + 口 (mouth)
"
1009,HSK 2,雪碧,Sprite,7Up / Sprite,noun,"雪碧 (Sprite) = 雪 (snow) + 碧 (greenish; bright jade)  
雪 (snow) = 雨 (rain) + 彐 (snout)  
碧 (green jade) = 石 (stone) + 白 (white)"
1010,HSK 2,零食,Snacks,Đồ ăn vặt,Noun,"零 = 雨 (rain) + 令 (order)
 食 = eat (roof + good)"
1011,HSK 2,露西,Lucy,Lucy,Proper Noun,"露 = 雨 (rain) + ⻊(foot) + 夂 (go) + 口 (mouth)
西 (west)"
1012,HSK 2,非常,very,Rất,Adverb,"非 = 非 (wrong)
常 = ⺌ (small) + 冖 (cover) + 口 (mouth) + 巾 (turban/scarf)"
1013,HSK 2,面试,interview,Phỏng vấn,Verb,"面 = 面 (face)
试 = 讠 (speech) + 弋 (arrow) + 工 (work)"
1014,HSK 2,预订,book,Sách,Verb,"预 = 龴 (N/A) + ㇖ (N/A) + 亅 (hook) + 页 (leaf)
订 = 讠 (speech) + 一 (one) + 亅 (hook)"
1015,HSK 2,风景,scenery,Phong cảnh,Noun,"风 = 风 (wind)
景 = 日 (sun/day) + 亠 (lid) + 口 (mouth) + 小 (small)"
1016,HSK 2,食堂,Canteen,Căn tin,Noun,"食 = eat
 堂 = 尚 (still) + 土 (earth)"
1017,HSK 2,香烟,cigarette,Thuốc lá,noun / verb,"香烟 (cigarette) = 香 (fragrant) + 烟 (smoke)  
香 (fragrant) = 禾 (grain) + 日 (sun)  
烟 (smoke) = 火 (fire) + 因 (cause)"
1018,HSK 2,黑暗,dark,Tối,adjective,"黑暗 (dark) = 黑 (black) + 暗 (dim)  
黑 (black) = 里 (inside) + 灬 (fire)  
暗 (dim) = 日 (sun) + 音 (sound)"
1019,HSK 2,黑洞,black hole,Hố đen,noun,"黑洞 (black hole) = 黑 (black) + 洞 (hole)  
黑 (black) = 里 (inside) + 灬 (fire)  
洞 (hole) = 氵 (water) + 同 (same)"
214,HSK 3,中药,herbal medicine,Thuốc đông y,Noun,"中 = 口 (mouth) +丨 (line)
药 = 艹 (grass) + 纟 (silk) + 勹 (wrap) + 丶 (dot)"
256,HSK 3,关系,Relationship,Mối quan hệ,Noun,"关系 (relationship)=关 (close/connect)+系 (system/tie)
关 (close/connect)=门 (gate)+天 (sky)
系 (system/tie)=糸 (silk)+丿 (slash)+乂 (cut/cross)"
257,HSK 3,典礼,ceremony,Lễ,noun,"典礼 (ceremony) = 典 (canon; ceremony) + 礼 (rite)  
典 (canon) = 曲 (bent) + 册 (book)  
礼 (rite) = 礻 (spirit) + 豆 (vessel)"
260,HSK 3,准,accurate,Chính xác,Adjective,准 = 冫 (ice) + 隹 (small bird)
261,HSK 3,减价,discount formal,Chiết khấu,verb/noun,"减价 (discount) = 减 (reduce) + 价 (price)  
减 (reduce) = 冫(ice) + 咸 (salty; decrease)  
价 (price) = 亻(person) + 介 (introduce)"
299,HSK 3,哎呀,expressing suprise or amazement,Ôi trời / Ối chao (tiếng thốt ngạc nhiên),,"哎 = 口 (mouth) + 艹 (grass) + 乂 (N/A)
呀 = 口 (mouth) + 牙 (fang)"
318,HSK 3,外国,foreign,Nước ngoài,noun,"外国 (foreign) = 外 (outside) + 国 (country)
外 = 夕(evening) + 卜(divination)
国 = 囗(enclosure) + 玉(jade)"
322,HSK 3,大师,master,Thạc sĩ,noun,大师 (master) = 大 (great) + 师 (teacher/master)
323,HSK 3,大纲,outline,Dàn ý,noun,"大纲 (outline) = 大 (big) + 纲 (main thread)
纲 = 纟(silk/thread) + 冓 (structure)"
329,HSK 3,好奇,curious,Tò mò,adjective,"好奇 (curious) = 好 (good; fond of) + 奇 (strange)  
好 (good) = 女 (woman) + 子 (child)  
奇 (strange) = 大 (big) + 可 (can)"
331,HSK 3,学期,semester,Học kỳ,noun,学期 (semester) = 学 (study) + 期 (period)
332,HSK 3,学术,academic,Học thuật,adjective,"学术 (academic) = 学 (study) + 术 (technique/art)
学 = 宀 (roof) + 子 (child)
术 = 木 (tree) + 丿 (slash)"
335,HSK 3,学院,academy; institute,Học viện,Noun,"学 = ⺍ (small) + 冖 (cover) + 子 (child)
院 = 阝 (town) + 宀 (roof) + 二 (two) + 儿 (legs)"
353,HSK 3,展,Show,Trình diễn,Noun,展 = 尸 (meaning) + 㞢 (sound)
382,HSK 3,怪,blame,Trách,Verb,怪 = 忄 (heart) + 又 (right hand) + 土 (earth)
397,HSK 3,抖音,Douyin (Chinese TikTok),TikTok Trung Quốc,noun,"抖音 (Douyin) = 抖 (to shake) + 音 (sound)  
抖 (shake) = 扌 (hand) + 寺 (temple)  
音 (sound) = 立 (stand) + 日 (sun)"
398,HSK 3,折扣 ,discount (with percentage),Giảm giá (%),noun,"折扣 (discount) = 折 (fold; discount) + 扣 (deduct)  
折 (fold) = 扌 (hand) + 斤 (axe)  
扣 (deduct) = 扌 (hand) + 口 (mouth)"
404,HSK 3,操场,playground,Sân chơi,noun,"操场 (playground) = 操 (operate) + 场 (field)  
操 (operate) = 扌 (hand) + 喿 (noisy; many trees)  
喿 (noisy) = 品 (many mouths) + 木 (tree)  
场 (field) = 土 (earth) + 昜 (sunlight; open)"
568,HSK 3,超人,superman,Siêu nhân,noun,"超人 (superman) = 超 (super / surpass) + 人 (man)
超 (surpass) = 走(walk) + 召(call)
召 (call) = 刀(knife) + 口(mouth)"
1020,HSK 3,一下儿,A bit / Once,Một chút / Một lần,Phrase,"一 = one 
 下 = 一 (one) + 卜 (divination) → down
 儿 = child radical; also used as a suffix"
1021,HSK 3,一会儿, a little while,Một lát / Một lúc ngắn,Noun,"一 = 一 (one)
会 = 人 (person) + 云 (cloud/speak)
儿 = 儿 (legs)"
1022,HSK 3,一样,to the same extent,Ở mức độ như nhau,Particle,"一 = 一 (one)
样 = 木 (tree) + 羊 (sheep)"
1023,HSK 3,下个月,next month,Tháng sau,noun phrase,"下个月 (next month) = 下个 (next) + 月 (month)  
下个 (next) = 下 (down) + 个 (measure word)  
下 (down) = 一 (one) + 卜 (divine)  
个 (measure word) = 人 (person) + 丶 (dot)"
1024,HSK 3,下雨,rain ,Mưa / Trời mưa,verb phrase,雨 (rain) = 一 (one) + 冂 (open) + 八 (eight) + 丶 (drop)
1025,HSK 3,不一定,not necessary,Không cần thiết,Adverb,"不 = 一 (one) + 丿 (bend) + 卜 (divination)
一 = 一 (one)
定 = 宀 (roof) + 一 (one) + 龰 (N/A)"
1026,HSK 3,世界上,world / in the world,Thế giới / Trên thế giới,noun phrase,"世界 (world) = 世 (world/generation) + 界 (boundary)
世 = 廿(twenty) + 一(one) + 廾(two hands)
界 = 田(field) + 介(between)"
1027,HSK 3,东,East,Đông,Noun/Adj,一 + 丨 + 木 =đông
1028,HSK 3,个,(Measure word for persons/things),"Cái, người",Measure,人 = người + 丨 = thân
1029,HSK 3,丽江,Lijiang,Lệ Giang,Proper noun,"丽 = 一 (one) + 冂 (upside down box)  + 丶(dot)
江 = 氵 (water) + 工 (work)"
1030,HSK 3,举行,Hold / Stage,Tổ chức,Verb,Tay=tay + xung=xung
1031,HSK 3,么,(Particle),Gì,Particle,Yêu=yêu + huyết=huyết
1032,HSK 3,乐,Happy / Enjoy / Music,"Vui, thích, âm nhạc",Adj/Noun,Vui=vui + mộc=mộc
1033,HSK 3,了,(Particle: perfective / change),"Rồi, đã",Particle,Xong=xong
1034,HSK 3,了吗,Have you?,Bạn đã… chưa?,Question particle,"了 = ㇇ (N/A) + 亅 (hook)
吗 = 口 (mouth) + 马 (horse)"
1035,HSK 3,了解,Understand / Know,"Hiểu, biết rõ",Verb/Noun,Hiểu=hiểu + phân chia=phân chia
1036,HSK 3,五十五,Fifty-five,Năm mươi lăm,Phrase,"五 = 一 (one) + 力 (power/force) + 一 (one)
十 = 十 (ten)"
1037,HSK 3,京,Capital / Beijing,"Kinh, Bắc Kinh",Noun,Đỉnh=đỉnh + nhật=ngày
1038,HSK 3,人民币,RMB (Chinese Yuan),Nhân dân tệ,Noun,"人 = person
 民 = roof + spoon
 币 = cloth/simplified 貝 (money)"
1039,HSK 3,代码箱,code box,Két sắt,noun,"代码箱 (code box) = 代码 (code) + 箱 (box)  
代码 (code) = 代 (substitute) + 码 (code; number)  
代 (substitute) = 亻 (person) + 弋 (ceremonial stick)  
码 (code) = 石 (stone) + 马 (horse)  
箱 (box) = ⺮(bamboo) + 相 (mutual)"
1040,HSK 3,们,(Plural suffix for pronouns),"Chúng, các",Suffix,Môn=môn + nhân=người
1041,HSK 3,件,(Measure word for matters/clothes),"Việc, bộ, chiếc",Measure,Người=người + ngưu=bò
1042,HSK 3,价格,Price / Cost,"Giá, giá cả",Noun,Người=người + các=mỗi
1043,HSK 3,但是,but,Nhưng,Conjunction,"但 = 亻 (human) + 日 (sun/day) + 一 (one)
是 = 日 (sun/day) + 一 (one) = 龰 (N/A)"
1044,HSK 3,低,Low / Lower / Humble,"Thấp, hạ thấp",Adj/Verb,亻 = người + 氐 = thấp
1045,HSK 3,体育馆,gym,Phòng gym,Noun,"体 = 亻 (human) + 木 (tree) + 一 (one)
育 = 亠 (lid) + 厶 (private) + 月 (moon)
馆 = 饣 (eat/food) + 宀 (roof) + 㠯 (N/A)"
1046,HSK 3,例如,For Example,Ví dụ,Phrase,Ví dụ=ví dụ + như=như
1047,HSK 3,俄罗斯人,Russian,Người Nga / Tiếng Nga,noun,"俄罗斯人 (Russian) = 俄 (Russia) + 罗斯 (Ross) + 人 (person)
俄 (Russia) = 亻 (person) + 我 (I/me)
我 (I) = 戈 (spear) + 手 (hand)
罗斯 (Ross) = 艹 (grass) + 囗 (enclosure) + 小 (small) + 木 (tree)
人 (person) = 亻 (person radical)"
1048,HSK 3,俱乐部,club,Câu lạc bộ,Noun,"俱 = 亻 (human) + 目 (eye) + 一 (one) + 八 (eight/divide)
乐 = ㇒ (N/A) + ㇗ (N/A) + 小 (small)
部 = 立 (stand erect) + 口 (mouth) + 阝 (town)"
1049,HSK 3,候,Time / Season / Period,"Khi, thời gian",Noun,Người=người + hầu=đợi
1050,HSK 3,假期,Vacation / Holiday,Kỳ nghỉ,Noun,Nghỉ=nghỉ + kỳ=thời kỳ
1051,HSK 3,做的菜,made food,Đồ ăn nấu sẵn,noun phrase,"做的菜 (made food) = 做 (make) + 的 (structural particle “of”) + 菜 (food/dish)
的 = 白 (white/clear) + 勺 (spoon)"
1052,HSK 3,做饭,cook,Nấu ăn,verb phrase,"做饭 (cook) = 做 (do; make) + 饭 (meal; rice)  
做 (do) = 亻 (person) + 故 (reason; cause)  
饭 (meal) = 饣 (food radical) + 反 (reverse)"
1053,HSK 3,健康,Health / Healthy,"Sức khỏe, khỏe mạnh",Noun/Adj,Người=người + khang=khỏe
1054,HSK 3,儿,Son / Child / (diminutive suffix),"Con, trẻ em",Noun/Suffix,儿 = con
1055,HSK 3,光,Light / Brightness / Solely,"Ánh sáng, chỉ",Noun/Adv,小 = nhỏ + 兀 = cao
1056,HSK 3,公共,Public / Common,Công cộng,Adj,八 = tất cả + 口 = miệng
1057,HSK 3,公路,Highway / Road,Đường bộ,Noun,公 = công cộng + 路 =đường
1058,HSK 3,关,Close / Shut / Turn off,"Đóng, tắt",Verb/Noun,丷 + 天 =đóng
1059,HSK 3,关于,About / Concerning,"Về, liên quan đến",Prep,关 = liên quan + 于 = tại
1060,HSK 3,关心,Care About / Concern,"Quan tâm, lo lắng",Verb/Noun,关 = quan tâm + 心 = tim
1061,HSK 3,关灯,turn off the light,Tắt đèn,verb phrase,"关灯 (turn off the light) = 关 (close; shut) + 灯 (light; lamp)  
关 (close) = 丷 (divide) + 天 (sky)  
灯 (lamp) = 火 (fire) + 丁 (nail)"
1062,HSK 3,关键,Key / Crucial / Pivot,"Chìa khóa, then chốt",Noun/Adj,关 = mấu then + 键 = then cửa
1063,HSK 3,关门,close the door,Đóng cửa,verb phrase,"关门 (close the door) = 关 (close; shut) + 门 (door)  
关 (close) = 丷 (divide) + 天 (sky)  
门 (door) = single pictograph (represents a door)"
1064,HSK 3,兴趣爱好,hobby,Sở thích,noun,兴趣爱好 (hobby) = 兴趣 (interest) + 爱好 (hobby/like) = 兴 (interest) + 趣 (fun) + 爱 (love) + 好 (like)
1065,HSK 3,其实,Actually / In Fact,"Thực ra, trên thực tế",Adv,Thực=thực + thật=thật
1066,HSK 3,写信,write a letter,Viết thư,verb phrase,"写信 (write a letter) = 写 (write) + 信 (letter; trust)  
写 (write) = 冖 (cover) + 与 (give)  
信 (letter) = 亻 (person) + 言 (speech)"
1067,HSK 3,冬,Winter,Mùa đông,Noun,夂 = mùa + 冫 = lạnh
1068,HSK 3,冷,Cold / Cool,"Lạnh, lạnh lẽo",Adj/Verb,Băng=băng + lệnh=lệnh
1069,HSK 3,凉,Cool / Cold,Mát lạnh,Adj/Noun,Băng=băng + kinh=kinh đô
1070,HSK 3,出,Go out / Come out / Produce,"Ra, đi ra, xuất",Verb,凵 + khuôn + 丨 = ra
1071,HSK 3,出国,go abroad,Đi nước ngoài,Separable verbs,"出 = 出 (N/A)
国 = 囗 (enclosure) + 玉 (jade)Graphical :"
1072,HSK 3,出生,Be born,Sinh ra,Verb/Noun,出 = ra + 生 = sinh
1073,HSK 3,刚,Just / Only / Firm,"Vừa mới, cứng rắn",Adv/Adj,刂 = dao + 冈 = núi
1074,HSK 3,别,Other / Don't,"Khác, đừng",Adj/Adv,刂 = dao + 另 = khác
1075,HSK 3,别提了,don't mention it,Đừng khách sáo,Verb,"别 = 口 (mouth) + 力 (power/force) + 刂 (knife)
提 = 扌 (hand) + 日 (sun/day) + 一 (one) + 龰 (N/A)
了 = ㇇ (N/A) + 亅 (hook)"
1076,HSK 3,刮,Scrape / Shave / Blow,"Cạo, thổi",Verb/Measure,刂 = dao + 舌 = lưỡi
1077,HSK 3,力量,Power / Strength,Sức mạnh,Noun,Sức mạnh=sức mạnh + lượng=lượng
1078,HSK 3,办法,Method / Way,"Biện pháp, cách làm",Noun,办 = handle + 法 = method
1079,HSK 3,加,Add / Plus / Increase,"Mua, thêm, tăng",Verb,Công=công việc + khẩu=miệng
1080,HSK 3,加油,make an extra effort,Nỗ lực thêm,Separable verbs,"加 = 力 (power/force) + 口 (mouth)
油 = 氵 (water) + 二 (two) + 丨 (line) + 凵 (container)"
1081,HSK 3,动,Move / Act / Use,"Di chuyển, động, vận dụng",Verb/Noun,云 = mây + 力 = sức mạnh
1082,HSK 3,动物,Animal,Động vật,Noun,动 =động + 物 = vật
1083,HSK 3,劳,Labor / Toil,"Lao động, vất vả",Noun/Verb,Thảo=cỏ + sức mạnh=sức mạnh
1084,HSK 3,化妆品,Cosmetics,Mỹ phẩm,Noun,"化 = 人 (person) + 匕 (change)
 妆 = 女 + 庄
 品 = three mouths – items/things"
1085,HSK 3,北,North,Bắc,Noun/Adj,匕 = spoon + 丬 = radical
1086,HSK 3,北京,Beijing,Bắc Kinh,Proper Noun,北 = bắc + 京 = kinh
1087,HSK 3,卖,Sell / Betray,Bán,Verb,Mua=mua + mũ=tháp
1088,HSK 3,南,South,Nam,Noun/Adj,Nam=nam + phương=phương
1089,HSK 3,卡,Card / Block / Check,"Thẻ, kẹt, kiểm tra",Noun/Verb,Thượng=thượng + hạ=hạ
1090,HSK 3,卫生间,bathroom,Phòng tắm,Noun,"卫 = ㇆ (N/A) + 丨 (line) + 一 (one)
生 = 生 (life)
间 = 门 (gate) + 日 (sun/day)"
1091,HSK 3,历史学家,historian,Nhà sử học,noun,"历史学家 (historian) = 历史 (history) + 学家 (scholar; expert)  
历史 (history) = 历 (experience) + 史 (record)  
历 (experience) = 厂 (cliff) + 力 (strength)  
史 (record) = 口 (mouth) + 中 (center)  
学家 (scholar) = 学 (study) + 家 (expert; home)  
学 (study) = 子 (child) + 冖 (cover)  
家 (home; expert) = 宀 (roof) + 豕 (pig)"
1092,HSK 3,原来的,old,Cũ,adjective,"原来的 (old) = 原来 (original, former) + 的 (attributive particle)
原来 (originally) = 原 (origin) + 来 (come)"
1093,HSK 3,双人床,double bed,Giường đôi,Noun,"双 = 双 (N/A)
人 = 人 (human)
床 = 广 (house on cliff) + 木 (tree)"
1094,HSK 3,发现,Discover / Find,Phát hiện,Verb/Noun,发 = phát ra + 现 = xuất hiện
1095,HSK 3,口,Mouth / Opening / Entrance,"Miệng, lối vào",Noun,Khẩu=miệng
1096,HSK 3,古,Ancient / Old,"Cổ, xưa",Adj,十 + 口 = cổ đại
1097,HSK 3,只要,provided,Miễn là,Conjunction,"只 = 口 (mouth) + 八 (eight/divide)
要 = 覀 (west) + 女 (woman)"
1098,HSK 3,可,Can / May / Worth,"Có thể, đáng",Verb/Adv,Khả năng=khả năng + khẩu=miệng
1099,HSK 3,可是,However,Tuy nhiên,Conjunction,"可 = 口 (mouth) + 丁 (nail)
 是 = 日 (sun) + 正 (correct)"
1100,HSK 3,可能,Possible / Maybe,"Có thể, có lẽ",Adj/Adv,Có thể=có thể + năng=năng lực
1101,HSK 3,吗,(Question particle),"Phải không, ạ",Particle,Khẩu=miệng + mã=ngựa
1102,HSK 3,听起来,sound,Âm thanh, verb,"听 = 口 (mouth) + 斤 (axe 
起 = 走 (run) + 己 (oneself)
来 = 木 (tree) + 一 (one) + 丷 (eight/divide)"
1103,HSK 3,告诉,Tell / Inform,"Nói cho, bảo",Verb/Noun,讠 = ngôn ngữ + 告 = báo cáo
1104,HSK 3,呢,(Particle: inquiry / tone),"Nhỉ, vậy",Particle,Khẩu=miệng + ni=ni
1105,HSK 3,呼,Call / Shout / Breathe,"Gọi, hô, thở",Verb/Noun,Khẩu=miệng + hồ=như
1106,HSK 3,哥哥,Elder brother,Anh trai,Noun,可 = thể + 可 = thể
1107,HSK 3,哪,Which / Where,"Nào, đâu",Pron,Khẩu=miệng + na=na
1108,HSK 3,回,Return / Go Back / Answer,"Quay lại, trả lời",Verb/Noun,Vòng=bao quanh + khẩu=miệng
1109,HSK 3,因为,because,Bởi vì,preposition,"因 = 囗 (enclosure) + 大 (big)
为 = 力 (power/force) + ⺀ (dot)"
1110,HSK 3,国家,Country / Nation,Quốc gia,Noun,国 = nước + 家 = nhà
1111,HSK 3,国际,International,Quốc tế,Adj/Noun,国 = nước + 际 = ranh giới
1112,HSK 3,地,Land / Ground / (adverb particle),"Đất, địa, đuôi trạng từ",Noun/Particle,土 =đất + 也 = cũng
1113,HSK 3,场,Place / Site / Venue,"Chỗ, sân, trường",Noun/Measure,土 =đất + 昜 = mở
1114,HSK 3,坏,Bad / Broken / Spoil,"Xấu, hỏng, làm hỏng",Adj/Verb,Thổ=đất + bất=không
1115,HSK 3,坚持,Insist / Persist,Kiên trì,Verb/Noun,Tay=tay + chùa=chùa
1116,HSK 3,城,City / Town,"Thành phố, thành lũy",Noun,土 = tường + 成 = hoàn thành
1117,HSK 3,堵车,traffic jam,Kẹt xe,Separable verbs,"堵 = 土 (earth) + 耂 (old) + 日 (sun/day)
车 = 车 (car)"
1118,HSK 3,够,Enough / Sufficient / Quite,"Đủ, đủ rồi",Adj/Adv,夕 = buổi tối + 多 = nhiều
1119,HSK 3,大使馆,embassy,Đại sứ quán,noun,"大使馆 (embassy) = 大使 (ambassador) + 馆 (building)  
大使 (ambassador) = 大 (big) + 使 (messenger)  
使 (messenger) = 亻 (person) + 吏 (official)  
馆 (building) = 饣 (food) + 官 (official)"
1120,HSK 3,太极拳,a martial art,Võ thuật,Noun,"太 = 大 (big) + 丶 (dot)
极 = 木 (tree) + ㇎ (N/A) + 丿 (bend) + ㇏ (N/A)
拳 = 二 (two) + 丨 (line) + 丷 (eight/divide) + 八 (eight/divide) + 手 (hand)"
1121,HSK 3,夫人,Madam / Wife,"Phu nhân, vợ",Noun,夫 = chồng + 人 = người
1122,HSK 3,奥运会,Olympic Games,Thế vận hội,noun,"奥林匹克运动会 (Olympic Games) = 奥林匹克 (Olympics) + 运动会 (sports meeting)  
奥 (Olympic; profound) = 宀 (roof) + 米 (rice) + 大 (big)  
林 (forest) = 木 (tree) + 木 (tree)  
匹 (match) = 匚 (box) + 儿 (legs)  
克 (overcome) = 十 (ten) + 口 (mouth) + 儿 (legs)  
运动会 (sports meeting) = 运 (move) + 动 (motion) + 会 (meeting)  
运 (move) = 辶 (walk) + 云 (cloud)  
动 (motion) = 云 (move) + 力 (strength)  
会 (meeting) = 人 (person) + 云 (gather)"
1123,HSK 3,如果,if,Nếu,Conjunction,"如 = 女 (woman) + 口 (mouth)
果 = 田 (field) + 木 (tree)"
1124,HSK 3,妈,Mom / Mother,Mẹ,Noun,Nữ=nữ + mã=ngựa
1125,HSK 3,妹妹,Younger Sister,Em gái,Noun,Nữ=nữ + vị=vị
1126,HSK 3,姐姐,Elder Sister,Chị gái,Noun,Nữ=nữ + tỷ=chị
1127,HSK 3,定,Decide / Fix / Calm,"Quyết định, cố định",Verb/Adj,宀 = mái nhà + 正 =đúng
1128,HSK 3,客,Guest / Visitor / Customer,"Khách, khách hàng",Noun,Bảo tàng=bảo tàng + các=mỗi
1129,HSK 3,宽,Wide / Broad / Loose,"Rộng, rộng lượng",Adj,Mái nhà=mái nhà + tiễn=tiễn
1130,HSK 3,宾馆,Hotel,Khách sạn,Noun,宾 = khách + 馆 = nhà
1131,HSK 3,寒假,Winter Vacation,Kỳ nghỉ đông,Noun,Hàn=lạnh + nghỉ=nghỉ
1132,HSK 3,对不起,Sorry,Xin lỗi,Phrase,"对 = 寸 (hand) + 又 (again)
 不 = not
 起 = 走 (walk) + 己 (self)"
1133,HSK 3,封,Seal / Envelope,"Đóng, phong, bao thư",Verb/Noun,寸 = tay + 圭 = quy tắc
1134,HSK 3,带,Take / Bring / Belt / Tape,"Mang, đem, dây đai",Verb/Noun,冖 = che + 巾 = khăn
1135,HSK 3,帽子,Hat / Cap,Mũ,Noun,Mũ=mũ + con=con
1136,HSK 3,干净,Clean / Neat,Sạch sẽ,Adj,冫 = nước đá + 征 = phấn đấu
1137,HSK 3,平,Flat / Level / Peaceful,"Bằng, phẳng, bình yên",Adj,Bình=bình + ngang=ngang
1138,HSK 3,平常,Ordinary / Common / Usually,"Bình thường, thông thường",Adj/Adv,Bình=bình + thường=thường
1139,HSK 3,年轻人,young people,Người trẻ,Noun,"轻 = 车 (car) + 龴 + 工 (work)
人 = 人 (human)"
1140,HSK 3,幼儿园,kindergarten,Mẫu giáo,Noun,"幼 = 幺 (short/tiny) + 力 (power/force)
儿 = 儿 (legs)"
1141,HSK 3,广,Wide / Broad / Vast,"Rộng, rộng lớn",Adj,广 = nhà lớn + 黄 = vàng
1142,HSK 3,广播,Broadcast / Radio,"Phát thanh, chương trình",Verb/Noun,广 = rộng + 播 = truyền
1143,HSK 3,开始,Begin / Start,Bắt đầu,Verb/Noun,Mở=mở + thủ=bắt đầu
1144,HSK 3,开心,Happy / Joyful,Vui vẻ,Adj,Mở=mở + tim=tim
1145,HSK 3,开灯,turn on the light,Bật đèn,verb phrase,"开灯 (turn on the light) = 开 (open; turn on) + 灯 (light; lamp)  
开 (open) = 一 (one) + 廾 (two hands)  
灯 (lamp) = 火 (fire) + 丁 (nail)"
1146,HSK 3,得,Get / Obtain / Must / Should,"Được, phải",Verb/Aux,彳 =đi + 导 = dẫn
1147,HSK 3,快乐,Happy / Joyful,Vui vẻ,Adj,Nhanh=nhanh + vui=vui
1148,HSK 3,怎么样,How,Như thế nào,Phrase,"怎 = 心 (heart) + 乍 (sudden/start)
 么 = 厶 (private) + 丿 (slash)
 样 = 木 (wood) + 羊 (sheep)"
1149,HSK 3,怕,Fear / Be Afraid Of / Worried,"Sợ, e ngại",Verb/Noun,Tim=tim + bạch=bạch
1150,HSK 3,急,Urgent / Anxious / Fast,"Vội, cấp bách, nhanh",Adj/Verb,Tim=tim + thảo=cỏ
1151,HSK 3,感,Feel / Sense / Emotion,"Cảm thấy, cảm xúc",Verb/Noun,心 = tim + 咸 = tất cả
1152,HSK 3,感兴趣,to be interested,Quan tâm / Thích,Verb,"感 = 厂 (cliff) + 戈 (spear) + 一 (one) + 口 (mouth) + 心 (heart) 
兴 = ⺍ (small) + 一 (one) + 八 (eight/divide)
趣 = 走 (run) + 耳 (ear) + 又 (right hand)"
1153,HSK 3,感谢,Thank / Gratitude,Cảm ơn,Verb/Noun,感 = cảm + 谢 = cảm tạ
1154,HSK 3,慢,Slow / Slowly,"Chậm, chậm rãi",Adj/Adv,Đi=đi + mạn=mạn
1155,HSK 3,慢性病,chronic disease,Bệnh mãn tính,Noun,"慢 = 忄 (heart) + 日 (sun/day) + 罒 (net) + 又 (right hand)
性 = 忄 (heart) + 生 (life)
病 = 疒 (sickness) + 一 (one) + 人 (human) + 冂 (upside down box)"
1156,HSK 3,或,Or / Perhaps,"Hoặc, có lẽ",Conj,Quốc gia=vùng + cách=phương pháp
1157,HSK 3,或者,Or / Either / Perhaps,"Hoặc, có lẽ",Conj/Adv,Hoặc=hoặc + giả=người
1158,HSK 3,房,House / Room,"Nhà, phòng",Noun,户 = cửa + 方 = hình vuông
1159,HSK 3,才,Just / Only / Talent,"Mới, chỉ, tài năng",Adv/Noun,一 + 丨 + 丿 = tài
1160,HSK 3,打喷嚏,sneeze,Hắt hơi,verb,"打喷嚏 (sneeze) = 打 (hit) + 喷 (spurt) + 嚏 (sneeze)  
打 (hit) = 扌(hand) + 丁 (nail)  
喷 (spurt) = 口 (mouth) + 贲 (energetic)  
嚏 (sneeze) = 口 (mouth) + 𤕣 (sound radical)"
1161,HSK 3,打电话,to make a phone call,Gọi điện thoại,Verb,"打 = 扌 (hand) + 一 (one) + 亅 (hook)
电 =  日 (sun/day), 丨 (line), 乚 (second)
话 = 讠 (speech), 舌 (tongue)"
1162,HSK 3,扫地,mop the floor,Lau nhà,verb phrase,"扫地 (mop the floor) = 扫 (sweep) + 地 (ground; floor)  
扫 (sweep) = 扌 (hand) + 彐 (snout; broom-like shape)  
地 (ground) = 土 (earth) + 也 (also)"
1163,HSK 3,技术,Technology / Skill,Kỹ thuật,Noun,Tay=tay + chi=nhánh
1164,HSK 3,护士,Nurse,"Y tá, điều dưỡng",Noun,Tay=tay + hộ=cửa
1165,HSK 3,报名,sign up,Đăng ký,Separable verbs,"报 = 扌 (hand) + 卩 (seal) + 又 (right hand)
名 = 夕 (evening/unset) + 口 (mouth)"
1166,HSK 3,报纸,Newspaper,"Báo, báo chí",Noun,报 = báo cáo + 纸 = giấy
1167,HSK 3,拉肚子,to have diarrhea,Tiêu chảy,Verb,"拉 = 扌 (hand) + 立 (stand erect)
肚 = 月 (moon) + 土 (earth)"
1168,HSK 3,拍照,take pictures,Chụp ảnh,verb phrase,"拍照 (take picture) = 拍 (to clap; to take photo) + 照 (shine; photo)  
拍 (to clap) = 扌 (hand) + 白 (white)  
照 (shine) = 日 (sun) + 昭 (bright; illuminate)  "
1169,HSK 3,掉,Fall / Drop / Away,"Rơi, bỏ đi",Verb,扌 = tay + 卓 = cao
1170,HSK 3,故事,Story / Tale,"Câu chuyện, truyện",Noun,故 = cũ + 事 = sự việc
1171,HSK 3,教育,Education / Teach,Giáo dục,Noun/Verb,Hiếu=hiếu thảo + tác dụng=tác dụng
1172,HSK 3,旁边班,next class,Tiết học sau,noun phrase,"旁边班 (next class) = 旁 (beside) + 边 (side) + 班 (class)
旁 (beside) = 方(square) + 立(stand) + 小(small)
边 (side) = 辶(walk) + 力(power)
班 (class) = 王(jade) + 分(divide)"
1173,HSK 3,旅行,Travel / Journey,Đi du lịch,Verb/Noun,Phương hướng=phương hướng + người=người
1174,HSK 3,明信片,postcard,Bưu thiếp,noun,"明信片 (postcard) = 明 (bright) + 信 (letter) + 片 (card; piece)  
明 (bright) = 日 (sun) + 月 (moon)  
信 (letter) = 亻 (person) + 言 (speech)  
片 (card; piece) = 片 (slice radical itself)"
1175,HSK 3,明白,Clear / Understand,"Rõ ràng, hiểu",Adj/Verb,Minh=minh + bạch=bạch
1176,HSK 3,春,Spring,Mùa xuân,Noun,春 = xuân + 日 = mặt trời
1177,HSK 3,暖,Warm / Genial,"Ấm áp, ấm",Adj/Verb,Nhật=ngày + ưn=ấm
1178,HSK 3,有意义,important,Quan trọng,Adjective,"有 = 𠂇 (left hand) + 月 (moon)
意 = 音 (sound) + 心 (heart)
义 = 乂 (N/A) + 丶 (dot)"
1179,HSK 3,有意思,interesting,Thú vị,Adjective,"有 = 𠂇 (left hand) + 月 (moon)
意 = 音 (sound) + 心 (heart)
思 = 田 (field) + 心 (heart)"
1180,HSK 3,有点儿,a little bit,Một chút,adverb,"有点儿 (a little bit) = 有 (to have) + 点 (dot; point) + 儿 (child; suffix)  
有 (to have) = 月 (moon; flesh) + 又 (again)  
点 (dot; point) = 黑 (black) + 占 (occupy)  
儿 (child; suffix) = 儿 (child radical)"
1181,HSK 3,服务,Service / Serve,Phục vụ,Verb/Noun,F=quần áo + 务 = công việc
1182,HSK 3,期,Period / Phase / Expected,"Kỳ, thời hạn",Noun,Thời gian=thời gian + nguyệt=tháng
1183,HSK 3,期待,Expect / Look Forward To,"Mong đợi, kỳ vọng",Verb/Noun,Kỳ=kỳ + đợi=đợi
1184,HSK 3,末,End / Last / Final,"Cuối, cuối cùng",Noun/Adj,Nhất=nhất + nhất=nhất
1185,HSK 3,本,This / Book / Origin,"Bản, quyển, gốc",Det/Noun,木 = cây + 一 = ngang
1186,HSK 3,机,Machine / Chance / Organic,"Máy, cơ hội",Noun,Mộc=cây + vài=bàn
1187,HSK 3,李老师,Teacher Li,Cô / Thầy Lý,Noun,"李 = 木 (tree) + 子 (child)
老 = 耂 (old) + 匕 (spoon)
 师 = 巾 (cloth) + 帀 (command)"
1188,HSK 3,村,Village,"Làng, thôn",Noun,木 = cây + 寸 = thốn
1189,HSK 3,极,Extreme / Pole / Extremely,"Cực, vô cùng",Noun/Adv,Mộc=cây + cực=cực
1190,HSK 3,架,Frame / Shelf / Support,"Kệ, giá, chiếc",Noun/Verb,Mộc=cây + gia=thêm
1191,HSK 3,格,Standard / Pattern / Grid,"Quy cách, ô lưới",Noun,木 = cây + 各 = mỗi
1192,HSK 3,棵,(Measure word for trees/plants),Cây,Measure,Mộc=cây + quả=quả
1193,HSK 3,欢,Joyful / Happy / Welcome,"Vui mừng, hoan nghênh",Adj,Khẩu=miệng + khiêu=nhảy
1194,HSK 3,欧,Europe / Ou,"Âu, châu Âu",Noun,Âu=Âu + khuôn=khuôn
1195,HSK 3,母亲,Mother,Mẹ,Noun,Mẹ=mẹ + thân=thân thiết
1196,HSK 3,比,Compare / Than,"So sánh, hơn",Prep/Verb,比 = so sánh + 匕 = thìa
1197,HSK 3,比如,for example,Ví dụ,Conjunction,"比 = 比 (compare/compete)
如 = 女 (woman) + 口 (mouth)"
1198,HSK 3,毛,Hair / Fur / Wool,"Lông, tóc, len",Noun,Lông=lông + bút=bút
1199,HSK 3,气,Gas / Air / Breath / Mood,"Khí, hơi khí, tâm trạng",Noun,Khí=khí + thủ=thủ
1200,HSK 3,气管炎,bronchitis,Viêm phế quản,noun,"气管炎 (tracheitis) = 气管 (trachea) + 炎 (inflammation)  
气管 (trachea) = 气 (air) + 管 (tube)  
气 (air) = 气 (air radical itself)  
管 (tube) = 竹 (bamboo) + 官 (official)  
炎 (inflammation) = 火 (fire) + 火 (fire)"
1201,HSK 3,江,River / Yangtze,Sông,Noun,Thủy=nước + công=công việc
1202,HSK 3,没关系,It doesn’t matter,Không sao,Phrase,"没 = 氵 (water) + 殳 (strike)
 关 = gate
 系 = silk thread tied together"
1203,HSK 3,没问题,no problem,Không vấn đề gì,Phrase,"没 = 氵 (water) + 殳 (weapon/lance)
问 = 门 (gate) + 口 (mouth)
题 = 日 (sun/day) + 一 (one) + 龰 (N/A) + 页 (leaf)"
1204,HSK 3,法,Law / Method / Way,"Pháp luật, phương pháp",Noun,氵 = nước + 去 =đi
1205,HSK 3,波士顿,Boston,Boston,proper noun,"波士顿 (Boston) = 波 (wave) + 士 (scholar) + 顿 (pause)
波 (wave) = 氵 (water) + 皮 (skin)
顿 (pause) = 屯 (store) + 页 (semantic)
士 (scholar) = pictograph (no further split)"
1206,HSK 3,洗手间,restroom,Nhà vệ sinh,noun,"洗手间 (restroom) = 洗 (wash) + 手 (hand) + 间 (room)  
洗 (wash) = 氵 (water) + 先 (first)  
手 (hand) = 手 (hand radical itself)  
间 (room) = 门 (door) + 日 (sun)"
1207,HSK 3,洗澡,take a shower,Tắm,verb phrase,"洗澡 (take a shower) = 洗 (wash) + 澡 (bathe)  
洗 (wash) = 氵(water) + 先 (first)  
澡 (bathe) = 氵(water) + 喿 (noisy; tree radical)"
1208,HSK 3,活,Live / Alive / Lively / Activity,"Sống, sinh hoạt",Verb/Adj/Noun,Thủy=nước + lưỡi=lưỡi
1209,HSK 3,活动,Activity / Move / Exercise,"Hoạt động, di chuyển",Noun/Verb,Sống=sống + động=động
1210,HSK 3,海,Sea / Ocean,Biển,Noun,氵 = nước + 每 = mỗi
1211,HSK 3,涮羊肉,instant-boiled mutton,Lẩu cừu,noun,"涮羊肉 (instant-boiled mutton) = 涮 (rinse; dip) + 羊肉 (mutton)  
涮 (rinse) = 氵 (water) + 欶 (absorb)  
羊肉 (mutton) = 羊 (sheep) + 肉 (meat)"
1212,HSK 3,游泳馆,natatorium ,Nhà bơi / Trung tâm bơi lội,noun,"游泳馆 (natatorium) = 游泳 (to swim) + 馆 (building, hall)
游 (to swim, to wander) = 氵(water radical) + 斿 (to float, to travel)
泳 (to swim) = 氵(water) + 永 (forever)
馆 (building, hall) = 饣(food radical) + 官 (official, government)"
1213,HSK 3,湖,Lake,Hồ nước,Noun,Thủy=nước + hồ=hồ
1214,HSK 3,满,Full / Filled / Completely,"Đầy, đầy đủ",Adj/Verb,Thủy=nước + mãn=mãn
1215,HSK 3,火,Fire / Flame / Anger,"Lửa, hỏa",Noun/Adj,Hỏa=lửa
1216,HSK 3,火车,Train,Tàu hỏa,Noun,Lửa=lửa + xe=xe
1217,HSK 3,灯,Light / Lamp,Đèn,Noun,火 = lửa + 丁 = hình dáng
1218,HSK 3,然后,Then,Sau đó,Conjunction,"然 = 肰 (meat) + 灬 (fire)
 后 = 厂 (cliff) + 口 (mouth) + 一"
1219,HSK 3,照相机,camera,Máy ảnh,noun,"照相机 (camera) = 照 (photograph) + 相 (image) + 机 (machine)  
照 (photograph) = 日 (sun) + 昭 (bright)  
相 (image) = 木 (tree) + 目 (eye)  
机 (machine) = 木 (wood) + 几 (table)"
1220,HSK 3,爬过去,Climb over,Leo qua,Verb,"爬 = 爪 (claw/talon) + 丨 (line) + 丨 (line) + 乚 (second)
过 = 辶 (walk) + 寸 (thumb)
去 = 土 (earth) + 厶 (private)"
1221,HSK 3,父亲,Father,"Cha, phụ thân",Noun,父 = cha + 亲 = thân thiết
1222,HSK 3,牛,Cow / Ox / Bull,Bò,Noun,Bò=bò
1223,HSK 3,牛仔裤,jeans,Quần jean,noun,"牛仔裤 (jeans) = 牛 (cow) + 仔 (young; boy) + 裤 (pants)  
牛 (cow) = 牛 (ox radical itself)  
仔 (young) = 亻 (person) + 子 (child)  
裤 (pants) = 衤 (clothing radical) + 固 (solid; firm)  
固 (solid) = 囗 (enclosure) + 古 (ancient)"
1224,HSK 3,特技演员,cascadeur,Diễn viên đóng thế,noun,"特技演员 (cascadeur) = 特技 (stunt) + 演员 (actor)  
特技 (stunt) = 特 (special) + 技 (skill)  
特 (special) = 牜 (cow) + 寺 (temple)  
技 (skill) = 扌 (hand) + 支 (support)  
演员 (actor) = 演 (perform) + 员 (member)  
演 (perform) = 氵 (water) + 寅 (tiger sign)  
员 (member) = 口 (mouth) + 贝 (shell)"
1225,HSK 3,理发,Haircut,Cắt tóc,Verb/Noun,Sắp xếp=sắp xếp + tóc=tóc
1226,HSK 3,理解,Understand / Comprehend,Hiểu,Verb/Noun,Ngọc=ngọc + lý=bên trong
1227,HSK 3,理论,Theory,Lý luận,Noun,Ngọc=ngọc + lý=bên trong + ngôn ngữ=ngôn ngữ
1228,HSK 3,电,Electricity / Electric,Điện,Noun/Adj,日 = mặt trời + 乚 = uốn
1229,HSK 3,电影团队,film crew,Đoàn làm phim,noun,"电影团队 (film team) = 电影 (film) + 团队 (team)  
电影 (film) = 电 (electric) + 影 (shadow)  
电 (electric) = 日 (sun) + 乚 (hidden)  
影 (shadow) = 景 (scenery) + 彡 (hair; pattern)  
团队 (team) = 团 (group) + 队 (team)  
团 (group) = 囗 (enclosure) + 才 (talent)  
队 (team) = 阝 (mound) + 人 (person)"
1230,HSK 3,电视台,television station,Đài truyền hình,Noun,"电 = 日 (sun/day) +丨 (line) + 乚 (second)
视 = 礻 (sign) + 见 (see)
台 = 厶 (private) + 口 (mouth)"
1231,HSK 3,电话,Telephone,Điện thoại,Noun,电 =điện + 话 = lời nói
1232,HSK 3,男,Male / Man,"Nam, đàn ông",Adj/Noun,Điền=ruộng + lực=lực
1233,HSK 3,白,White / Clear / Pure,Trắng,Adj/Noun,白 = white + 日 = sun
1234,HSK 3,百,Hundred,Trăm,Number,一 = one + 白 = white
1235,HSK 3,目,Eye / Look / Item,"Mắt, mục",Noun,Mắt=mắt
1236,HSK 3,目前,At Present / Currently,Hiện nay,Adv,Mắt=mắt + tiền=tiền
1237,HSK 3,看法,View / Opinion,"Quan điểm, ý kiến",Noun,Nhìn=nhìn + pháp=pháp
1238,HSK 3,看病,see a doctor,Khám bác sĩ,Separable verbs,"看 = 龵 (hand) + 目 (eye)
病 = 疒 (sickness) + 一 (one) + 人 (human) + 冂 (upside down box)"
1239,HSK 3,真的吗？,really,Thật sự,Adverb,"真 = 十 (ten) + 目 (eye) + 一 (one) + 八 (eight/divide)
的 = 白 (white) + 勹 (wrap) + 丶 (dot)"
1240,HSK 3,睛,Eye / Eyeball,Con mắt,Noun,Mục=mắt + thanh=trong
1241,HSK 3,睡觉前,before sleep,Trước khi ngủ,prepositional phrase,"睡觉前 (before sleeping) = 睡觉 (sleep) + 前 (before)  
睡觉 (sleep) = 睡 (to sleep) + 觉 (feel; sleep)  
睡 (to sleep) = 目 (eye) + 垂 (to hang)  
觉 (sleep) = 见 (see) + 冖 (cover)  
前 (before) = ⺧ (cow) + 刀 (knife) + 月 (moon)"
1242,HSK 3,矮,Short (stature) / Low,"Thấp, lùn",Adj,矢 = arrow + 委 = bend
1243,HSK 3,研究生,postgraduate,Nghiên cứu sinh,Noun,"研 = 石 (stone) + 一 (one) + 廾 (N/A)
究 = 穴 (cave) + 丿 (bend) + ㇈ (N/A)
生 = 生 (life)"
1244,HSK 3,破,Broken / Damage / Break,"Vỡ, hỏng, phá vỡ",Adj/Verb,Thạch=thạch + bì=bì
1245,HSK 3,票,Ticket / Bill / Vote,"Vé, phiếu",Noun,Phiếu=phiếu + chữ=chữ
1246,HSK 3,离开,Leave / Go Away,Rời đi,Verb,Rời=rời + mở=mở
1247,HSK 3,科学,Science / Scientific,Khoa học,Noun/Adj,Lúa mì=lúa mì + đấu=đo
1248,HSK 3,窗,Window,Cửa sổ,Noun,穴 = lỗ + 囱 =ống khói
1249,HSK 3,立刻,Immediately / At Once,Ngay lập tức,Adv,Đứng=đứng + khắc=khắc
1250,HSK 3,管,Manage / Control / Tube,"Quản lý, ống",Verb/Noun,竹 = tre + 官 = chức vụ
1251,HSK 3,精,Refined / Concentrated / Spirit,"Tinh khiết, tinh hoa",Adj/Noun,Gạo=gạo + thanh=trong
1252,HSK 3,红,Red / Popular,"Đỏ, nổi tiếng",Adj,Tơ=lụa + công=công việc
1253,HSK 3,级,Level / Grade / Rank,"Cấp, lớp, hạng",Noun,Cấp=bậc + thước=thước
1254,HSK 3,练习,Practice / Exercise,Luyện tập,Verb/Noun,Chỉ=chỉ + thư=thư
1255,HSK 3,经,Through / Via / Classics,"Qua, kinh điển",Prep/Noun,Chỉ=chỉ + hình=hình
1256,HSK 3,经济,Economy / Economic,Kinh tế,Noun/Adj,Chỉ=chỉ + tề=thứ tự
1257,HSK 3,经验,Experience,Kinh nghiệm,Noun/Noun,Mã=ngựa + toàn=tất cả
1258,HSK 3,结,Knot / Tie / Conclude,"Buộc, kết thúc",Verb/Noun,Chỉ=chỉ + gắn=gắn
1259,HSK 3,继续,Continue / Proceed,Tiếp tục,Verb,Chỉ=chỉ + bèi=lưng
1260,HSK 3,维生素,vitamin,Vitamin,noun,"维生素 (vitamin) = 维 (to maintain) + 生 (life) + 素 (element)
维 (to maintain) = 纟(silk radical) + 隹 (short-tailed bird)
生 (life) 
素 (element, plain) = 纟(silk) + 生 (life)"
1261,HSK 3,绿,Green,Màu xanh lá,Adj,Chỉ=chỉ + lục=lục
1262,HSK 3,羽绒服,down jacket,Áo phao,Noun,"羽 = 羽 (feather)
绒 = 纟 (silk) + 戈 (spear) + 𠂇 (left hand)
服 = 月 (moon) + 卩 (seal) + 又 (right hand)"
1263,HSK 3,老,Old / Elderly,"Già, cũ, lão",Adj/Prefix,Lão=già + thìa=thìa
1264,HSK 3,老朋友,old friend,Bạn cũ,Noun,"老 = 老 (old)
朋 = 朋 (N/A)"
1265,HSK 3,老板,Boss / Employer,"Chủ, sếp",Noun,Già=già + tấm ván=tấm ván
1266,HSK 3,考虑,Consider / Think Over,Cân nhắc,Verb/Noun,Kảo=kiểm tra + lự=ngẫm
1267,HSK 3,而,And / As / But,"Mà, hơn nữa",Conj,而 = râu + 丨 =đường kẻ
1268,HSK 3,而且,and also,Và còn,Conjunction,"而 =  而 (beard)
且 = 月 (moon) + 一 (one)"
1269,HSK 3,胃不舒服,indigestion,Khó tiêu,noun,胃不舒服 (indigestion) = 胃 (stomach) + 不 (not) + 舒 (comfortable) + 服 (body)
1270,HSK 3,脑,Brain / Mind,"Não, óc",Noun,Não=não + nguyệt=thịt
1271,HSK 3,脸,Face,Mặt,Noun,Thịt=thịt + toàn=tất cả
1272,HSK 3,自行车,Bicycle,Xe đạp,Noun,"自 = nose/self
 行 = crossroad
 车 = cart"
1273,HSK 3,节,Festival / Section / Save,"Lễ hội, tiết kiệm",Noun,Thảo=cỏ + tiết=tiết kiệm
1274,HSK 3,苦,Bitter / Hardship,"Đắng, khổ",Adj/Noun,Thảo=cỏ + cổ=cổ
1275,HSK 3,苹果,Apple,Quả táo,Noun,Táo=táo + quả=quả
1276,HSK 3,营业时间,business hours,Giờ làm việc,noun,"营业时间 (business hour) = 营业 (business) + 时间 (time)  
时间 (time) = 时 (time) + 间 (interval)  
时 (time) = 日 (sun) + 寺 (temple)  
间 (interval) = 门 (door) + 日 (sun)"
1277,HSK 3,街道,Street / Road,Đường phố,Noun,Đi=đi + khuôn=khuôn
1278,HSK 3,被,By (passive marker),Bị,Prep/Particle,衤 = quần áo + 皮 = da
1279,HSK 3,西红柿,tomato,Cà chua,noun,"西红柿 (tomato) = 西 (west) + 红 (red) + 柿 (persimmon/tree fruit)  
西 (west) = 西 (cover-shaped radical itself)  
红 (red) = 纟 (silk) + 工 (work)  
柿 (persimmon) = 木 (wood) + 市 (market)"
1280,HSK 3,要不,or else,Nếu không thì,Conjunction,"要 = 覀 (west) + 女 (woman)
不 = 一 (one) + 丿 (bend) + 卜 (divination)"
1281,HSK 3,见,See / Meet / Visit,"Thấy, gặp, gặp gỡ",Verb,Nhìn=nhìn + chân=chân
1282,HSK 3,观,Look / View / Observe,"Nhìn, quan sát, quan điểm",Verb/Noun,见 = thấy + 又 = còn
1283,HSK 3,规定,Stipulate / Rule / Provide,"Quy định, điều khoản",Verb/Noun,图 = quy tắc + 定 = quyết định
1284,HSK 3,角,Corner / Horn / Angle,"Góc, sừng",Noun,Sừng=sừng + nguyệt=tháng
1285,HSK 3,记,Remember / Record / Note,"Ghi nhớ, ghi chép",Verb,Ngôn ngữ=ngôn ngữ + kỷ=chính mình
1286,HSK 3,讲,Speak / Say / Explain,"Nói, giảng",Verb,Ngôn ngữ=ngôn ngữ + giếng=giếng
1287,HSK 3,词,Word / Vocabulary,"Từ, từ vựng",Noun,讠 = ngôn ngữ + 司 = quản lý
1288,HSK 3,话,Speech / Talk / Words,"Lời nói, chuyện",Noun,Ngôn ngữ=ngôn ngữ + lưỡi=lưỡi
1289,HSK 3,课后,after class,Sau giờ học,adverbial phrase,"课后 = 课 (class, lesson) + 后 (after)
课 = 讠(speech) + 果 (fruit / result → here as phonetic component)
后 = 厶 (private) + 口 (mouth)"
1290,HSK 3,贵,Expensive / Precious / Honorable,"Đắt tiền, quý",Adj,中 + 一 + 贝 =đá quý
1291,HSK 3,赞助商,sponsor,Nhà tài trợ,noun,"赞助商 (sponsor) = 赞助 (sponsor; support) + 商 (merchant)  
赞助 (support) = 赞 (praise; support) + 助 (help)  
赞 (praise) = 先 (first) + 貝 (shell; money)  
助 (help) = 且 (moreover) + 力 (strength)  
商 (merchant) = 章 (badge) + 冏 (bright)"
1292,HSK 3,走路,walking,Đi bộ,verb / verb phrase,"走路 (to walk) = 走 (walk; go) + 路 (road; path)  
走 (walk; go) = 土 (earth) + ⻊ (foot radical, simplified form of 足)  
路 (road; path) = 足 (foot) + 各 (each; every)  
各 (each; every) = 夂 (go) + 口 (mouth)"
1293,HSK 3,起飞,Take Off (aircraft),Cất cánh,Verb,Bay=bay + cất=cất
1294,HSK 3,越南华人,Vietnamese Chinese,Hoa kiều Việt Nam,noun,"越南华人 (Vietnamese Chinese) = 越 (Vietnam) + 南 (south) + 华 (Chinese) + 人 (person)
越 (Vietnam / exceed) = 走 (walk) + 戉 (axe)
南 (south) = 十 (ten) + 冂 (open country) + 丨 (line) + 干 (stem)
华 (Chinese / splendid) = 艹 (grass) + 化 (transform)
化 (transform) = 亻 (person) + 匕 (spoon)
人 (person) = pictograph of a standing person"
1295,HSK 3,跟,Follow / With / And,"Theo, cùng, và",Prep/Conj,足 = chân + 艮 = dừng
1296,HSK 3,跳绳,jump rope ,Nhảy dây,verb phrase,"跳绳 (jump rope) = 跳 (jump) + 绳 (rope)  
跳 (jump) = 足 (foot) + 兆 (omen; sign)  
绳 (rope) = 纟(silk) + 黾 (frog; amphibian radical)"
1297,HSK 3,跳舞,dance (as a performance),Múa,Separable verbs,"跳 = ⻊ (foot) + 儿 (legs) + 冫 (ice)
舞 = 一 (one) + 卌 (forty) + 舛 (opposite)"
1298,HSK 3,车站,Station,"Nhà ga, bến xe",Noun,车 = xe + 站 = dừng
1299,HSK 3,过去,Past / Formerly / Go Over,"Quá khứ, đi qua",Noun/Verb,Qua=đi qua + 去 =đi
1300,HSK 3,近,Near / Close / Recent,"Gần, gần đây",Adj/Prep,Đi=đi + rìu=rìu
1301,HSK 3,还可以,Not bad / OK,Không tệ / Ổn,Phrase,"还 = walk + not
 可 = mouth + nail
 以 = person + slash"
1302,HSK 3,那些,Those,Những cái đó,Phrase,Đó=đó + những=những
1303,HSK 3,那里,There / Over There,Ở đó,Phrase,Đó=đó + nơi=nơi
1304,HSK 3,酒,Alcohol / Wine / Liquor,Rượu,Noun,Thủy=nước + hữu=có
1305,HSK 3,金,Gold / Metal,"Vàng, kim loại",Noun/Adj,Kim=kim loại + thổ+hỏa
1306,HSK 3,长,Long / Length / Grow,"Dài, trưởng, mọc",Adj/Verb,长 = dài + 镸 = tóc dài
1307,HSK 3,零,Zero / Nought,"Không, lẻ",Number,Mưa=mưa + lệnh=lệnh
1308,HSK 3,面,Surface / Side / Noodle,"Mặt, phía, mì",Noun,Diện=diện + nhật=nhật
1309,HSK 3,韩国人,Korean people,Người Hàn Quốc,noun,"韩国人 (Korean people) = 韩国 (Korea) + 人 (person)  
韩国 (Korea) = 韩 (Han/Korea) + 国 (country)  
韩 (Han/Korea) = 韋 (leather) + 干 (dry)  
国 (country) = 囗 (enclosure) + 玉 (jade / symbol of treasure)  
人 (person) = 人 (person radical itself)"
1310,HSK 3,韩流音乐,K-pop (Korean pop music),nhạc K-pop,noun,"韩流音乐 (K-pop) = 韩 (Korea) + 流 (flow) + 音乐 (music)  
韩 (Korea) = ⻏ (city) + 韋 (tanned leather)  
流 (flow) = 氵 (water) + 㐬 (stream)  
音乐 (music) = 音 (sound) + 乐 (joy)  
音 (sound) = 立 (stand) + 日 (sun)  
乐 (joy) = 丿 (slash) + 木 (wood)"
1311,HSK 3,飞,Fly / Flit,Bay,Verb,乙 = chim + 丶 = cánh
1312,HSK 3,飞机,Airplane,Máy bay,Noun,飞 = bay + 机 = cơ khí
1313,HSK 3,饭馆,Restaurant,Nhà hàng,Noun,饭 = cơm + 馆 = nhà
1314,HSK 3,馆,Museum / Library / Hall,"Nhà, bảo tàng, thư viện",Noun,饣 = thức ăn + 官 = chức vụ
1315,HSK 3,马,Horse,Ngựa,Mã,Ngựa=ngựa
1316,HSK 3,马上,Immediately / At Once,Ngay lập tức,Adv,Ngựa=ngựa + trên=trên
1317,HSK 3,高,High / Tall / Advanced,"Cao, cao lớn",Adj,亠 + 口 + 冂 + 口 = cao
1318,HSK 3,高血压,high blood pressure,Huyết áp cao,Noun,"高 = 高 (tall)
血 = 血 (blood)
病 = 疒 (sickness) + 一 (one) + 人 (human) + 冂 (upside down box)"
1319,HSK 3,魔术师,magician,Ảo thuật gia,noun,"魔术师 (magician) = 魔 (demon; magic) + 术 (art; skill) + 师 (master)  
魔 (magic) = 麻 (hemp) + 鬼 (ghost)  
术 (art) = 木 (tree) + 朮 (method)  
师 (master) = 巾 (cloth) + 帀 (circle around)"
1320,HSK 3,鸡,Chicken / Rooster,Gà,Noun,Lại=lại + chim=chim
1321,HSK 3,黑,Black / Dark,"Đen, tối",Adj,Hỏa=lửa + lý=bên trong
286,HSK 4,古代,antique,Đồ cổ,noun,古代 (ancient) = 古 (ancient) + 代 (era)
310,HSK 4,团,regiment,Trung đoàn,Noun,团 = 囗 (enclosure) + 𠂇 (left hand) + ㇒ (N/A)
339,HSK 4,客服,customer service,Dịch vụ khách hàng,noun,"客服 (customer service) = 客 (guest; client) + 服 (serve; service)  
客 (guest) = 宀 (roof) + 各 (each)  
服 (serve) = 月 (flesh) + 卩 (seal)"
389,HSK 4,手术,surgery,Phẫu thuật,noun,"手术 (surgery) = 手 (hand) + 术 (technique/art)
手 = pictograph of hand
术 = 木 (tree) + 丿 (slash)"
1322,HSK 4,三世同堂 ,three-generation family ,Ba thế hệ cùng chung sống,noun,"三世同堂 (three generations under one roof)  
= 三 (three) + 世 (generation) + 同 (together) + 堂 (hall)
三 (three) = pictograph (three horizontal lines)  
世 (generation) = 一 + 廿 + 十 (pictographic time compound)  
同 (together) = 冂 (enclosure) + 口 (mouth)  
堂 (hall) = semantic (土 + roof) + phonetic (尚)"
1323,HSK 4,丢,Lose / Throw Away / Drop,"Mất, vứt bỏ",Verb,丿 + 去 = discard
1324,HSK 4,乱,Chaotic / Confused / Disorderly,"Loạn, hỗn loạn",Adj/Verb,舌 = tongue + L=chaos
1325,HSK 4,了没有,or not yet?,Chưa phải không?,question phrase,"了 = ㇇ (N/A) + 亅 (hook)
有 = 𠂇 (left hand) + 月 (moon)
没 = 氵 (water) + 殳 (weapon/lance)"
1326,HSK 4,二,Two,Hai,Number,二 = two + 一 = horizontal
1327,HSK 4,从... 起,From...Onwards,Từ...trở đi,Structure,从 = from + 起 = start
1328,HSK 4,价值,Value / Worth / Merit,"Giá trị, giá",Noun,亻 = person + 直 = straight
1329,HSK 4,估计,Estimate / Guess / Figure,"Ước tính, phỏng đoán",Verb/Noun,亻 = person + 古 = old
1330,HSK 4,保护,Protect / Safeguard,Bảo vệ,Verb,保 = keep safe + 护 = guard
1331,HSK 4,保证,Guarantee / Ensure,Đảm bảo,Verb/Noun,保 = protect + 证 = certify
1332,HSK 4,假,False / Fake / Leave,"Giả, nghỉ",Adj/Noun,亻 = person + 叚 = borrow
1333,HSK 4,儿童,Children / Youngsters,Trẻ em,Noun,儿 = child + 童 = young
1334,HSK 4,兄弟姐妹,Siblings,Anh chị em,Noun,口 (mouth) + 可 (phonetic/“eldest”)
1335,HSK 4,充满,Be Full Of / Be Filled With,"Đầy đủ, tràn đầy",Verb,充 = fill + 满 = full
1336,HSK 4,共,Common / Total / Together,"Chung, tổng",Adv/Adj,艹 = grass + 一 + 八
1337,HSK 4,共同,Together / Joint / Common,"Cùng nhau, chung",Adj/Adv,共 = common + 同 = same
1338,HSK 4,冬天,Winter,Mùa đông,Noun,冬 = winter + 天 = season
1339,HSK 4,几乎,Almost / Nearly / Practically,"Gần như, hầu như",Adv,几 = near + 乎 = particle
1340,HSK 4,出口,Exit / Export,"Lối ra, xuất khẩu",Noun/Verb,出 = go out + 口 = mouth/gate
1341,HSK 4,出现,Appear / Show Up,Xuất hiện,Verb,出 = come out + 现 = appear
1342,HSK 4,分别,Respectively / Separately / Part,"Tương ứng, tách biệt",Adv/Verb,分 = separate + 别 = distinguish
1343,HSK 4,刚好,Just / Exactly / Happen To,"Vừa đúng, tình cờ",Adv,刚 = just + 好 = good
1344,HSK 4,到处,Everywhere / All Over,Khắp nơi,Adv,到 = reach + 处 = place
1345,HSK 4,剑,Sword / Dagger,Kiếm,Noun,刂 = sword + 佥 = all
1346,HSK 4,功能,Function / Purpose / Feature,"Chức năng, tác dụng",Noun,功 = achievement + 能 = capability
1347,HSK 4,劳动,Labor / Work / Toil,"Lao động, làm việc",Noun/Verb,劳 = work + 动 = move
1348,HSK 4,北方,North,Phương Bắc,Noun,北 = north + 方 = direction
1349,HSK 4,十一点半,"Half eleven
",Mười một giờ rưỡi,Phrase,"十一 = 10 + 1
 点 = dot/time
 半 = 八 + 牛 (half)"
1350,HSK 4,十字路口,intersection,Ngã tư,Noun,"十 = 十 (ten)
字 = 宀 (roof) + 子 (child)
路 = ⻊ (foot) + 夂 (go) + 口 (mouth)
口 = 口 (mouth)"
1351,HSK 4,华,Magnificent / China / Chinese,"Hoa, hoa lệ",Adj/Noun,十 + 口 + 十 + 一
1352,HSK 4,博士,Doctor / PhD,"Bác sĩ, tiến sĩ",Noun,博 = broad + 士 = scholar
1353,HSK 4,厚,Thick / Deep / Generous,"Dày, rộng lượng",Adj,厂 = roof + 日 + 子
1354,HSK 4,参考,Reference / Consult,Tham khảo,Verb/Noun,参 = refer + 考 = examine
1355,HSK 4,变化,Change / Vary,Thay đổi,Verb/Noun,变 = transform + 化 = change
1356,HSK 4,后来,Later / Afterwards / Then,"Sau đó, sau này",Adv,后 = after + 来 = come
1357,HSK 4,告别,Farewell / Say Goodbye To,"Tạm biệt, chia tay",Verb/Noun,告 = announce + 别 = separate
1358,HSK 4,嘛,(Particle: obvious tone),"Mà, nhỉ",Particle,口 = mouth + 麻 = hemp
1359,HSK 4,回忆,Recall / Remember / Memory,"Nhớ lại, hồi ức",Verb/Noun,回 = turn + 忆 = remember
1360,HSK 4,困难,Difficult / Hard / Difficulty,"Khó khăn, trở ngại",Adj/Noun,囗 = enclose + 木 = tree
1361,HSK 4,基本,Basic / Fundamental / Basically,"Cơ bản, cơ sở",Adj/Adv,一 = base + 本 = root
1362,HSK 4,复杂,Complicated / Complex / Intricate,Phức tạp,Adj,彳 = walk + 畐 + 夂
1363,HSK 4,多长时间,how long,Bao lâu,phrase,"多 = 多 (N/A)
长 = 长 (long/grow)
时 = 日 (sun/day) + 寸 (thumb)
间 = 门 (gate) + 日 (sun/day)"
1364,HSK 4,大家,Everyone / All,Mọi người,Pron,大 = big + 家 = family
1365,HSK 4,好像,Seem / Like / As If,"Dường như, giống như",Adv/Verb,好 = good + 像 = resemble
1366,HSK 4,姐妹,Sisters / Sister,Chị em gái,Noun,女 = woman + 未 + 且
1367,HSK 4,季节,Season,"Mùa, thời vụ",Noun,禾 = grain + 子 = child
1368,HSK 4,孤单,Alone / Lonely / Solitary,"Đơn độc, cô đơn",Adj,子 = child + 瓜 = fruit
1369,HSK 4,宫保鸡丁,Kung Pao,Cung Bảo (món ăn),Noun,
1370,HSK 4,家庭,Family / Household,Gia đình,Noun,宀 = roof + 豕 = pig
1371,HSK 4,对话,Dialogue,Đối thoại,Noun/Verb,对 = mutual + 话 = speech
1372,HSK 4,对面,Opposite Side / Across,Phía đối diện,Noun,对 = opposite + 面 = surface
1373,HSK 4,导致,Lead To / Cause,"Dẫn đến, gây ra",Verb,导 = guide + 至 = arrive
1374,HSK 4,就业,Get Employment / Find Work,"Tìm việc, đi làm",Verb/Noun,就 = approach + 业 = occupation
1375,HSK 4,尺码可供,Size available,Kích cỡ có sẵn,Noun,"尺 = 尸 (corpse) + ㇏ (N/A)
码 = 石 (stone) + 马 (horse)
可 = 一 (one) + 亅 (hook) + 口 (mouth)
供 = 亻 (human) + 艹 (grass) + 一 (one) + 八 (eight/divide)"
1376,HSK 4,层,Floor / Layer,"Tầng, lớp",Noun,尸 = body + 云 = cloud
1377,HSK 4,工作上,workplace ,Về công việc / Trong công việc,noun phrase,"工作上 (at work) = 工作 (work) + 上 (on; regarding)
工作 (work) = 工 (work; craft) + 作 (do; make)
作 (do; make) = 亻 (person) + 乍 (suddenly; to begin)
上 (on; above) = 一 (one) + 丄 (upward mark)"
1378,HSK 4,差不多,Almost / Nearly,"Gần như, gần bằng",Phrase,差 = differ + 不 = not + 多 = much
1379,HSK 4,帮助,Help / Assist,Giúp đỡ,Verb/Noun,帮 = support + 助 = aid
1380,HSK 4,平方米,square meter,Mét vuông,Measure word,"平 = 干 (dry) + 丷 (eight/divide)
方 = 方 (square/raft)
米 = 米 (rice)"
1381,HSK 4,并且,And / Besides,Và hơn nữa,Conj,并 = combine + 且 = also
1382,HSK 4,底,Bottom / Base / Foundation,"Đáy, nền",Noun,广 = building + 氐 = base
1383,HSK 4,建筑,Build / Construct / Building,"Xây dựng, công trình",Verb/Noun,廴 = walk + 筑 = build
1384,HSK 4,弹钢琴,play the piano,Chơi piano,verb phrase,"弹钢琴 (play the piano) = 弹 (to play/pluck) + 钢琴 (piano)
弹 (to play; to shoot) = 弓 (bow) + 单 (single) 
钢 (steel) = 钅(metal radical) + 冈 (ridge)
琴 (string instrument) = 王 (jade) + 今 (now)"
1385,HSK 4,必须,Must / Have To,"Phải, bắt buộc",Adv,必 = certain + 须 = must
1386,HSK 4,怕来不及,Afraid that it will not be too late,Sợ rằng sẽ không kịp,idiom,"怕 = 忄 (heart) + 白 (white)
来 = 木 (tree) + 一 (one) + 丷 (eight/divide)
不 = 一 (one) + 丿 (bend) + 卜 (divination)
及 = ㇎ (N/A) + 丿 (bend) + ㇏ (N/A)"
1387,HSK 4,感到,Feel / Sense / Experience,Cảm thấy,Verb,感 = feel + 到 = arrive
1388,HSK 4,成功,Success / Succeed,Thành công,Noun/Verb,成 = complete + 功 = achievement
1389,HSK 4,打扮,Dress Up / Make Up,"Ăn mặc, trang điểm",Verb/Noun,打 = do + 扮 = dress
1390,HSK 4,承认,Admit / Acknowledge,Thừa nhận,Verb,承 = receive + 认 = recognize
1391,HSK 4,报,Report / Newspaper,"Báo cáo, báo",Verb/Noun,扌 = hand + 卜 = divine
1392,HSK 4,按时,On Time,Đúng giờ,Adverb,按 = according to + 时 = time
1393,HSK 4,按照,According To,"Theo, căn cứ vào",Prep,按 = follow + 照 = refer to
1394,HSK 4,方法,Method / Way / Means,"Phương pháp, cách",Noun,方 = method + 法 = law
1395,HSK 4,方面,Aspect / Respect / Side,"Khía cạnh, phương diện",Noun,方 = direction + 面 = face
1396,HSK 4,景色,Scenery / Landscape / View,"Phong cảnh, phong cảnh",Noun,日 = sun + 京 = capital
1397,HSK 4,更加,Even More / Further / More Still,"Thêm, càng",Adv,更 = more + 加 = increase
1398,HSK 4,最好朋友,best friend,Bạn thân nhất,noun phrase,"最好朋友 (best friend) = 最 (most) + 好 (good) + 朋友 (friend)
最 (most) = 日(sun) + 取(take)
取 (take) = 耳(ear) + 又(hand)
好 (good) = 女(woman) + 子(child)
朋友 (friend) = 朋(companion) + 友(friend)
朋 (companion) = 月(moon) + 月(moon)
友 (friend) = 又(hand) + ⺄(stroke)"
1399,HSK 4,有时候,sometimes,Thỉnh thoảng,adverbial phrase,"有 = 𠂇 (left hand) + 月 (moon)
时 = 日 (sun/day) + 寸 (thumb)
候 = 亻 (human) + 丨 (line) + 矢 (arrow)"
1400,HSK 4,服装,Clothing / Costume / Garments,"Trang phục, quần áo",Noun,服 = dress + 装 = clothing
1401,HSK 4,来自,Come From / Be From,"Đến từ, có nguồn từ",Verb,来 = come + 自 = self
1402,HSK 4,林,Forest / Grove / Woods,"Rừng, rừng cây",Noun,木 = tree + 木 + 木 = forest
1403,HSK 4,根据,According To / Basis / Foundation,"Dựa trên, căn cứ",Prep/Noun,根 = root + 据 = evidence
1404,HSK 4,根本,Basic / Fundamental / Simply,"Cơ bản, hoàn toàn",Noun/Adv,木 = root + 艮 = stop
1405,HSK 4,此,This / Such,"Cái này, này",Pron,止 = stop + 匕 = spoon
1406,HSK 4,毕业,Graduate,Tốt nghiệp,Verb/Noun,毕 = finish + 业 = career
1407,HSK 4,洞,Hole / Cave,"Lỗ hang, hang động",Noun,氵 = water + 同 = same
1408,HSK 4,流,Flow / Stream / Spread / Class,"Chảy, dòng, luồng",Verb/Noun,氵 = water + 巟 = flow
1409,HSK 4,流行,Popular / Fashionable / Prevailing,"Phổ biến, thời trang",Adj/Verb,流 = spread + 行 = go
1410,HSK 4,浮,Float / Surface / Superficial,"Nổi, lơ lửng",Verb/Adj,氵 = water + 孚 = float
1411,HSK 4,澳大利亚,Australia,Úc,noun,"澳大利亚人 (Australian) = 澳 (Australia) + 大(big) + 利(benefit) + 亚(Asia) + 人(person)
澳 (Australia) = 氵(water) + 奥(mysterious)
奥 (mysterious) = 大(big) + 米(rice) + 釆(to distinguish)
大 (big) = pictograph of a person with outstretched arms
利 (benefit) = 禾(grain) + 刀(knife)
亚 (Asia) = 二(two) + 亞(structural form, meaning second/Asia)
人 (person) = pictograph of a standing person"
1412,HSK 4,猫,Cat,Mèo,Noun,犭 = animal + 苗 = sprout
1413,HSK 4,理想,Ideal / Perfect / Aspiration,"Lý tưởng, hoàn hảo",Noun/Adj,王 = logic + 里 = inside + 心 = heart
1414,HSK 4,界,Boundary / World / Circle / Field,"Giới hạn, thế giới, lĩnh vực",Noun,田 = field + 介 = separate
1415,HSK 4,留,Stay / Remain / Keep / Leave,"Ở lại, giữ, để lại",Verb,田 = field + 卯 = bud
1416,HSK 4,留学,Study Abroad,Du học,Verb/Noun,留 = stay + 学 = study
1417,HSK 4,程度,Degree / Level / Extent,"Mức độ, trình độ",Noun,程 = process + 度 = degree
1418,HSK 4,空,Empty / Vacant / Sky,"Trống, không, bầu trời",Adj/Noun,穴 = cave + 工 = work
1419,HSK 4,竞争,Compete / Competition / Contend,"Cạnh tranh, thi đấu",Verb/Noun,立 = stand + 兄 = elder
1420,HSK 4,符合,Conform To / Accord With / Meet,"Phù hợp, đáp ứng",Verb,符 = tally + 合 = match
1421,HSK 4,第,(Ordinal prefix),Thứ,Prefix,⺮ = bamboo + 弔 = string
1422,HSK 4,答应,Promise / Agree / Answer,"Đồng ý, hứa",Verb/Noun,答 = reply + 应 = respond
1423,HSK 4,管理,Manage / Administer / Run,"Quản lý, điều hành",Verb/Noun,竹 = bamboo + 官 = official
1424,HSK 4,米奇老鼠,Mickey Mouse,Chuột Mickey,proper noun,"米奇老鼠 (Mickey Mouse) = 米奇 (Mickey) + 老鼠 (mouse)  
米 (rice) = 米 (rice)  
奇 (strange; special — phonetic for ""Mickey"") = 大 (big) + 可 (can)  
老鼠 (mouse) = 老 (old) + 鼠 (rat)  
老 (old) = 耂 (old radical) + 匕 (spoon)  
鼠 (rat) = 鼠 (mouse radical itself)"
1425,HSK 4,精神,Spirit / Mind / Essence / Energetic,"Tinh thần, tinh thần",Noun/Adj,精 = essence + 神 = spirit
1426,HSK 4,经常,Often / Frequently / Regularly,"Thường xuyên, thường",Adv/Adj,糸 = silk + 巠 + 巾
1427,HSK 4,经过,Pass / Go Through / Process,"Đi qua, qua, quá trình",Verb/Prep,纟 = silk + 巠 = warp
1428,HSK 4,结合,Combine / Integrate / Link,"Kết hợp, liên kết",Verb/Noun,结 = tie + 合 = join
1429,HSK 4,绝对,Absolute / Absolutely / Definitely,"Tuyệt đối, hoàn toàn",Adj/Adv,纟 = silk + 色 = color
1430,HSK 4,耳朵,Ear,Tai,Noun,耳 = ear + 朵 = flower
1431,HSK 4,自动取款机,ATM,Máy ATM,noun,"自动取款机 (ATM) = 自动 (automatic) + 取款 (withdraw money) + 机 (machine)  
自动 (automatic) = 自 (self) + 动 (move)  
动 (move) = 云 (cloud) + 力 (strength)  
取款 (withdraw money) = 取 (take) + 款 (funds)  
取 (take) = 耳 (ear) + 又 (hand)  
款 (funds) = 士 (scholar) + 欠 (owe)  
机 (machine) = 木 (wood) + 几 (table)"
1432,HSK 4,英语老师,English teacher,Giáo viên tiếng Anh,noun phrase,"英语老师 (English teacher) = 英 (England) + 语 (language) + 老师 (teacher)
英 (England) = 艹(grass) + 央(center)
语 (language) = 讠(speech) + 吾(I)
老师 (teacher) = 老(old) + 师(master)
老 (old) = 土(earth) + 匕(spoon/ladle)
师 (master) = 巾(cloth) + 帀(go around)"
1433,HSK 4,草,Grass / Herb,Cỏ,Noun,艹 = grass + 早 = early
1434,HSK 4,表,Express / Surface / Watch,"Biểu hiện, đồng hồ, bề mặt",Noun/Verb,扌 = hand + 表 = outer
1435,HSK 4,表示,Show / Express / Indicate,Biểu thị,Verb/Noun,表 = express + 示 = show
1436,HSK 4,观察,Observe / Watch / Survey,Quan sát,Verb/Noun,宀 = roof + 见 = see
1437,HSK 4,观点,Viewpoint / Opinion / Standpoint,"Quan điểm, ý kiến",Noun,观 = observe + 点 = point
1438,HSK 4,解释,Explain / Interpret / Explicate,"Giải thích, diễn giải",Verb/Noun,采 = gather + 释 = explain
1439,HSK 4,计算,Calculate / Compute / Count,"Tính toán, tính",Verb/Noun,讠 = speech + 十 + 目 + 廾
1440,HSK 4,论,Discuss / Talk About / Theory,"Thảo luận, luận, lý luận",Verb/Noun,讠 = speech + 仑 = logic
1441,HSK 4,费,Cost / Expense / Fee / Waste,"Chi phí, tốn kém",Noun/Verb,贝 = shell/money + 弗 = not
1442,HSK 4,超过,Exceed / Surpass,Vượt quá,Verb,超 = surpass + 过 = pass
1443,HSK 4,达到,Reach / Achieve,"Đạt tới, đạt được",Verb,达 = reach + 到 = arrive
1444,HSK 4,过程,Process / Course / Procedure,"Quá trình, tiến trình",Noun,过 = pass + 程 = course
1445,HSK 4,进步,Progress / Advance / Improvement,"Tiến bộ, tiến bộ",Verb/Noun,辶 = move + 步 = step
1446,HSK 4,进行,Carry On / Conduct / Proceed,"Tiến hành, tiến hành",Verb,辶 = walk + 行 = do
1447,HSK 4,道理,Reason / Principle / Truth,"Lý do, đạo lý",Noun,道 = way + 理 = logic
1448,HSK 4,除了,Besides / Except,Ngoại trừ,Prep,除 = remove + 了 = particle
1449,HSK 4,除此以外,besides,Ngoài ra,conjunction / phrase,"除此以外 (besides) = 除 (remove) + 此 (this) + 以 (by means of) + 外 (outside)  
除 (remove) = 阝 (mound) + 余 (surplus)  
此 (this) = 止 (stop) + 匕 (spoon)  
以 (by means of) = 以 (self radical itself)  
外 (outside) = 夕 (evening) + 卜 (divine)"
1450,HSK 4,静,Quiet / Calm / Still / Silent,"Yên tĩnh, lặng lẽ",Adj,青 = clear + 争 = strive
1451,HSK 4,革命,Revolution / Change,Cách mạng,Noun/Verb,革 = leather + 命 = life
1452,HSK 4,领导,Lead / Leader / Leadership,"Lãnh đạo, người lãnh đạo",Verb/Noun,令 = command + 页 = head
1453,HSK 4,餐厅,Dining Hall / Restaurant,"Nhà hàng, phòng ăn",Noun,餐 = meal + 厅 = hall
1454,HSK 4,麻烦,Trouble / Bother / Inconvenient,"Phức tạp, phiền phức",Noun/Verb/Adj,木 = tree + 麻 = hemp
1455,HSK 4,黄,Yellow / Surname,Vàng,Adj/Noun,艹 = grass + 由 + 八
1456,HSK 4,黑板,Blackboard,Bảng đen,Noun,黑 = black + 板 = board
1457,HSK 5,不惜,Not Spare / Not Hesitate / Regardless Of,"Không tiếc, bất chấp",Phrase,Bất=không + Tích=tiếc
1458,HSK 5,举办,Hold / Run / Organize,"Tổ chức, tiến hành",Verb,Cử=tổ chức + Bàn=thiết lập
1459,HSK 5,举动,Move / Act / Activity / Behavior,"Hành động, cử chỉ",Noun,Cử=cử chỉ + Động=hành động
1460,HSK 5,交易,Business / Transaction / Deal / Trade,"Giao dịch, thương mại",Noun,Giao=trao đổi + Dịch=dịch vụ
1461,HSK 5,交错,Interlock / Crisscross / Staggered,"Xếp chồng xen kẽ, đan xen",Verb/Adj,Giao=đan nhau + Thoa=chen nhau
1462,HSK 5,仓促,Hasty / Hurried / All Of A Sudden,"Vội vàng, gấp gáp",Adj/Adv,Thương=vội vàng + Xúc=vội vã
1463,HSK 5,保卫,Defend / Protect / Safeguard,"Bảo vệ, phòng thủ",Verb,Bảo=bảo + vệ=vệ
1464,HSK 5,保存,Preserve / Keep / Conserve / Store,"Bảo quản, lưu giữ",Verb,Bảo=bảo + tồn=tồn tại
1465,HSK 5,保密,Keep Secret / Confidentiality,"Bảo mật, giữ bí mật",Phrase,Bảo=bảo + mật=bí mật
1466,HSK 5,保留,Retain / Keep / Reserve / Hold Back,"Bảo lưu, giữ lại, duy trì",Verb/Noun,Bảo=bảo + lưu=lưu
1467,HSK 5,保障,Guarantee / Ensure / Safeguard,"Bảo đảm, bảo vệ",Verb/Noun,Bảo=bảo + chướng=chướng ngại
1468,HSK 5,倔强,Stubborn / Unyielding / Obstinate,"Cương ngạnh, bướng bỉnh",Adj,Cường=cương quyết + Kiệt=ngạnh ngắt
1469,HSK 5,借口,Excuse / Pretext / Use As An Excuse,"Lý do, cớ, lấy làm lý do",Noun/Jiè=giải thích + Kǒu=miệng,
1470,HSK 5,借鉴,Draw Lessons From / Use For Reference,"Học hỏi kinh nghiệm, tham chiếu",Verb,Giới=tham khảo + Giám=kiểm chứng
1471,HSK 5,假设,Suppose / Assume / Hypothesis / Presume,"Giả định, giả sử",Verb/Noun,Giả=giả sử + Thiết=thiết lập
1472,HSK 5,健全,Sound / Perfect / Improve / Make Complete,"Hoàn thiện, lành mạnh",Adj/Verb,Kiến=hoàn thiện + Toàn=toàn vẹn
1473,HSK 5,健壮,Robust / Healthy / Sturdy,"Khỏe mạnh, cường tráng",Adj,Kiến=khỏe mạnh + Tráng=cường tráng
1474,HSK 5,偿还,Repay / Pay Back / Discharge,"Trả nợ, hoàn trả",Verb,Thường=hoàn trả + Hoàn=trả lại
1475,HSK 5,傲慢,Arrogant / Haughty / Overbearing,"Kiêu ngạo, ngạo mạn",Adj,傲 = kiêu ngạo + 慢 = chậm
1476,HSK 5,克制,Restrain / Control / Self-control / Forbear,"Khắc chế, kiềm chế",Verb/Noun,Khắc=kiềm chế + Chế=kiểm soát
1477,HSK 5,克服,Overcome / Conquer / Defeat / Get Over,"Khắc phục, vượt qua",Verb,Khắc=chiếm lĩnh + Phục=chiến thắng
1478,HSK 5,具体,Concrete / Specific / Detailed / Particular,"Cụ thể, chi tiết",Adj,Cù=toàn bộ + Thể=hình thể
1479,HSK 5,具备,Possess / Have / Be Provided With,"Có, sở hữu, đáp ứng đủ",Verb,Cù=đầy đủ + Bị=có
1480,HSK 5,具有,Have / Possess / Be Provided With,"Có, mang lại",Verb,Cù=có + Hữu=sở hữu
1481,HSK 5,决策,Make Policy / Decision / Strategic Decision,"Quyết sách, ra quyết định",Verb/Noun,Quyết=quyết định + Sách=chiến lược
1482,HSK 5,决议,Resolution / Decision / Resolve,"Nghị quyết, quyết định",Noun,Quyết=quyết định + Nghị=nghị luận
1483,HSK 5,冷淡,Cold / Indifferent / Unfriendly / Cheerless,"Lạnh nhạt, thờ ơ",Adj,Lãnh=lạnh lùng + Đạm=nhạt nhẽo
1484,HSK 5,冷漠,Indifferent / Unconcerned / Cold / Cool,"Thờ ơ, lạnh nhạt",Adj,Lãnh=lạnh lùng + Mạc=thờ ơ
1485,HSK 5,冷静,Calm / Cool / Sober / Calmness,"Bình tĩnh, lạnh lùng",Adj,Lãnh=lạnh lùng + Tĩnh=yên tĩnh
1486,HSK 5,凉爽,Cool / Pleasantly Cool / Refreshing,"Mát mẻ, dễ chịu",Adj,Lương=mát mẻ + Thường=mát mẻ
1487,HSK 5,剥夺,Deprive / Expropriate / Strip,"Tước đoạt, tước bỏ",Verb,Bóc=tước bỏ + Đoạt=chiếm đoạt
1488,HSK 5,劳累,Tired / Exhausted / Fatigued / Weary,"Mệt mỏi, vất vả",Adj,Lão=vất vả + Lỗi=mệt mỏi
1489,HSK 5,叫喊,Shout / Yell / Cry Out,"Kêu la, la hét",Verb/Noun,Giảo=la hét + Hãn=kêu to
1490,HSK 5,可靠,Reliable / Credible / Trustworthy / Dependable,"Đáng tin cậy, đáng tin",Adj,Khả=khả năng + Tin=tin tưởng
1491,HSK 5,呆板,Stiff / Rigid / Inflexible,"Cứng nhắc, không linh hoạt",Adj,呆 = ngơ ngác + 板 = tấm gỗ
1492,HSK 5,坚决,Firm / Resolute / Determined / Resolved,"Kiên quyết, chắc chắn",Adj,Kiến=kiên quyết + Quyết=quyết đoán
1493,HSK 5,坚固,Firm / Solid / Sturdy / Durable,"Chắc chắn, kiên cố",Adj,Kiến=kiên cố + Cố=chắc chắn
1494,HSK 5,坚定,Firm / Resolute / Steadfast / Staunch,"Kiên định, kiên quyết",Adj/Verb,Kiến=kiên cố + Định=chắc chắn
1495,HSK 5,坚强,Strong / Firm / Staunch / Resolute,"Kiên cường, mạnh mẽ",Adj,Kiến=kiên cường + Cường=mạnh mẽ
1496,HSK 5,基础,Foundation / Base / Basis / Fundamental,"Nền tảng, cơ sở",Noun/Adj,Cơ=cơ sở + Sở=nguyên sơ
1497,HSK 5,奔赴,Rush To / Hurry Toward / Journey To,"Vội vàng hướng về, lao tới",Verb,Bôn=chạy vội + phó=đi đến
1498,HSK 5,奥妙,Profound / Secret / Subtlety,"Sâu sắc, bí ẩn, điều huyền diệu",Adj/Noun,奥 = sâu kín + diệu=diệu kỳ
1499,HSK 5,安分,Behave Disciplined / Know One's Place,"An phận, biết giới hạn",Phrase,安 = an + 分 = phận
1500,HSK 5,安定,Stable / Settled / Calm,"Ổn định, an tâm",Adj/Verb,安 = an + 定 =định
1501,HSK 5,安心,Feel At Ease / Assured / Set One's Mind At Rest,"An tâm, yên tâm",Phrase,安 = an + 心 = tim
1502,HSK 5,安抚,Console / Soothe / Pacify,"An ủi, vỗ về",Verb,安 = an + 抚 = vuốt ve
1503,HSK 5,安放,Lay / Place / Put In A Certain Position,"Đặt, để cẩn thận",Verb,安 = an + 放 =đặt
1504,HSK 5,安然,Safe / Sound / Peacefully,"An toàn, an nhiên",Adv,安 = an + nhiên=nhiên
1505,HSK 5,安置,Arrange For / Install / Emplace,"Bố trí, sắp xếp, lắp đặt",Verb,安 = an + 置 =đặt
1506,HSK 5,安闲,Leisurely / Peaceful And Carefree,"Thanh nhàn, tự tại",Adj,安 = an + 闲 = rảnh rỗi
1507,HSK 5,安顿,Arrange / Find A Place For / Settled,"Sắp xếp, ổn định",Verb/Adj,安 = an + 顿 = dừng
1508,HSK 5,宝贵,Valuable / Precious / Costly,"Quý giá, quý báu",Adj,Bảo=bảo + quý=quý
1509,HSK 5,客观,Objective / Impartial / Reality,"Khách quan, sự thật khách quan",Adj/Noun,Khách=khách thể + Quan=quan sát
1510,HSK 5,家务,Housework / Household Duties,"Việc nhà, công việc gia đình",Noun,Gia=gia đình + Vụ=công việc
1511,HSK 5,宽容,Tolerant / Lenient / Forgiving / Magnanimous,"Khoan dung, rộng lượng",Adj/Noun,Khoan=khoan dung + Dung=chấp nhận
1512,HSK 5,宽阔,Broad / Wide / Spacious / Extensive,"Rộng rãi, rộng lớn",Adj,Khoan=rộng rãi + Khoát=rộng mở
1513,HSK 5,密切,Close / Careful / Intimate / Closely,"Mật thiết, chặt chẽ",Adj/Mật=kết nối + Thiết=gắn bó,
1514,HSK 5,尝试,Attempt / Try / Endeavor,"Thử, cố gắng thử",Verb/Noun,Thường=thử + Thức=cách thức
1515,HSK 5,岸,Bank / Shore / Coast,"Bờ sông, bờ biển",Noun,山 = núi + 厂 = nhà
1516,HSK 5,崛起,Rise / Spring Up / Emerge,"Trỗi dậy, phát triển mạnh",Verb,Kiệt=trỗi dậy + Khởi=bắt đầu
1517,HSK 5,崩溃,Collapse / Crash / Break Down,"Đổ vỡ, sụp đổ",Verb/Noun,Bôn=tan vỡ + khuất=sụp xuống
1518,HSK 5,差别,Difference / Disparity / Distinction,"Sự khác biệt, chênh lệch",Noun,Chia=khác nhau + Biệt=phân biệt
1519,HSK 5,差错,Mistake / Error / Slip / Accident,"Sai sót, lỗi lầm",Noun,Chia=sai + Tháp=sai sót
1520,HSK 5,常规,Convention / Rule / Routine,"Quy ước, thông lệ, quy luật thông thường",Noun,Thông=thường + Quy=quy tắc
1521,HSK 5,建议,Suggest / Propose / Suggestion,"Đề xuất, kiến nghị",Verb/Noun,Kiến=đề xuất + Nghị=nghị luận
1522,HSK 5,建设,Build / Construct / Construction,"Xây dựng, kiến thiết",Verb/Noun,Kiến=xây dựng + Thiết=thiết lập
1523,HSK 5,开幕,Open / Inaugurate / Opening Ceremony,"Mở màn, khai mạc",Verb/Noun,Khai=mở ra + Mạc=màn
1524,HSK 5,开拓,Open Up / Reclaim / Develop / Pioneer,"Mở rộng, khai phá",Verb,Khai=mở ra + Thác=khai thác
1525,HSK 5,开朗,Sanguine / Optimistic / Bright / Cheerful,"Vui vẻ, cởi mở, lạc quan",Adj,Khai=mở ra + Lãng=thoáng đãng
1526,HSK 5,开阔,Open / Wide / Broaden / Expand,"Mở rộng, khoáng đạt",Adj/Verb,Khai=mở ra + Khoát=rộng mở
1527,HSK 5,彼此,Each Other / One Another / Both Sides,"Nhau, hai bên",Pron,Bỉ=bên kia + Thứ=bên này
1528,HSK 5,必然,Inevitably / Necessarily / Certain,"Chắc chắn, nhất định",Adj/Adv,Bắt=chắc chắn + Nhiên=nhiên
1529,HSK 5,必需,Essential / Necessary / Indispensable,"Cần thiết, bắt buộc",Adj,Bắt=buộc + Cần=cần thiết
1530,HSK 5,急忙,Hurriedly / Hastily / In A Great Hurry,"Vội vàng, gấp gáp",Adv,Cấp=vội vàng + Mang=vội vã
1531,HSK 5,恐惧,Fear / Dread / Terror / Be Afraid Of,"Sợ hãi, kinh hãi",Verb/Noun,Khủng=kinh hãi + Cụ=sợ hãi
1532,HSK 5,恐慌,Panic / Scared / Terrified / Panic-stricken,"Hoảng sợ, hoảng loạn",Adj/Noun,Khủng=kinh hãi + Hoàng=hoảng sợ
1533,HSK 5,悲伤,Sad / Sorrowful / Grieving,"Buồn bã, đau buồn",Adj/Noun,Bi=bi thương + thương=đau thương
1534,HSK 5,悲剧,Tragedy / Tragic Drama,Bi kịch,Noun,Bi=bi thương + kịch=kịch bản
1535,HSK 5,悲痛,Deep Sorrow / Grief / Sadness,"Đau thương, đau buồn",Noun/Adj,Bi=bi thương + thống=đau đớn
1536,HSK 5,悲观,Pessimistic,Bi quan,Adj,Bi=bi thương + quan=nhìn nhận
1537,HSK 5,惊奇,Surprised / Amazed / Wonder,"Ngạc nhiên, kinh ngạc",Adj/Noun,Kinh=ngạc nhiên + Kỳ=kỳ lạ
1538,HSK 5,惊慌,Alarmed / Scared / Panic,"Hoảng sợ, kinh hoàng",Adj/Noun,Kinh=kinh ngạc + Hoàng=hoảng sợ
1539,HSK 5,惭愧,Ashamed / Guilty / Shamefaced,"Xấu hổ, hối hận",Adj,Tàm=xấu hổ + Khối=cảm thấy
1540,HSK 5,懊恼,Annoyed / Upset / Vexed,"Buồn bực, phiền muộn",Adj,懊 = phiền muộn + nảo=khó xử
1541,HSK 5,懊悔,Regret / Remorse / Repent,"Hối hận, hối tiếc",Verb/Noun,懊 = hối hận + hận=oán hận
1542,HSK 5,扩充,Expand / Enlarge / Extend / Augment,"Mở rộng, bổ sung thêm",Verb,Khoa=mở rộng + Sung=bổ sung
1543,HSK 5,抱怨,Complain / Grumble / Murmur,"Phàn nàn, oán trách",Verb/Noun,Báo=báo + oán=oán trách
1544,HSK 5,抱歉,Apologize / Sorry / Regret,"Xin lỗi, xin thứ lỗi",Verb/Adj,Báo=báo + khiếm=thiếu sót
1545,HSK 5,抱负,Aspiration / Ambition / Lofty Aim,"Chí hướng, hoài bão",Noun,Báo=báo + phụ=phụ
1546,HSK 5,拆开,Take Apart / Open / Unpack,"Mở ra, tách ra",Verb,Chài=mở ra + Khai=mở ra
1547,HSK 5,拆除,Demolish / Dismantle / Remove,"Tháo dỡ, phá dỡ",Verb,Chài=tháo ra + Chú=tháo bỏ
1548,HSK 5,按,Press / Push / According To,"Nhấn, bấm, theo",Verb/Prep,扌 = tay + 安 = an
1549,HSK 5,按期,On Schedule / On Time,"Đúng kỳ hạn, đúng lịch",Adv,按 =đúng + 期 = kỳ hạn
1550,HSK 5,按理,According To Reason / Normally,"Theo lý lẽ, thông thường",Phrase,按 = theo + 理 = lẽ
1551,HSK 5,接受,Accept / Take / Receive / Admit,"Chấp nhận, tiếp nhận",Verb,Tiếp=tiếp nhận + Thụ=nhận lấy
1552,HSK 5,接待,Receive / Admit / Reception,"Tiếp đón, đón tiếp",Verb/Noun,Tiếp=tiếp nhận + Đón=đón tiếp
1553,HSK 5,接触,Contact / Touch / Come Into Contact With,"Tiếp xúc, tiếp cận",Verb/Noun,Tiếp=tiếp nhận + Xúc=xúc chạm
1554,HSK 5,接近,Be Close To / Near / Approach,"Tiếp cận, gần gũi",Verb/Adj,Tiếp=tiếp cận + Cận=gần gũi
1555,HSK 5,接连,In Succession / One After Another / Running,"Tiếp nối, liên tiếp",Adv,Tiếp=tiếp theo + Liên=liên tục
1556,HSK 5,揭示,Uncover / Reveal / Show / Announce,"Tiết lộ, bày tỏ",Verb,Kiết=lộ ra + Thị=chỉ ra
1557,HSK 5,搏斗,Fight / Struggle / Wrestle,"Đấu tranh, vật lộn",Verb/Noun,Bác=đấu tranh + Đấu=chiến đấu
1558,HSK 5,操心,Worry About / Take Pains Over / Concern,"Lo lắng, tốn tâm tư",Phrase,Thao=vất vả + Tâm=tâm trí
1559,HSK 5,操纵,Operate / Control / Manipulate,"Điều khiển, thao túng",Verb,Thao=thao tác + Túng=điều khiển
1560,HSK 5,敬意,Respect / Tribute / Honor,"Sự kính trọng, lòng kính trọng",Noun,Kính=kính trọng + Ý=tư tưởng
1561,HSK 5,暗示,Hint / Suggestion / Implied,"Gợi ý, ám chỉ, ngụ ý",Verb/Noun,暗 =ám chỉ + thị=chỉ ra
1562,HSK 5,机智,Quick-witted / Resourceful / Tactful,Thông minh và khéo léo,Adj,Cơ=linh hoạt + Trí=trí tuệ
1563,HSK 5,机灵,Clever / Smart / Sharp / Alert,"Thông minh, lanh lợi",Adj,Cơ=linh hoạt + Linh=thông minh
1564,HSK 5,来历,Origin / Source / Past Experience / Background,"Lịch sử, nguồn gốc",Noun,Lại=đến + Lịch=quá khứ
1565,HSK 5,来往,Come And Go / Contact / Dealings,"Đi lại, quan hệ giao thiệp",Verb/Noun,Lai=đến + Vãng=đi đi
1566,HSK 5,来源,Source / Origin / Root / Provenance,"Nguồn gốc, xuất xứ",Noun,Lai=nguồn + Nguyên=bắt nguồn
1567,HSK 5,极端,Extreme / Exceedingly / Uttermost,"Cực độ, cực kỳ",Adj/Noun,Cực=cực độ + Đoạn=mức độ
1568,HSK 5,枯燥,Dull / Dry / Uninteresting / Tedious,"Nhàm chán, khô khan",Adj,Khô=khô khan + Tảo=thiếu hấp dẫn
1569,HSK 5,标志,Sign / Mark / Symbol / Indicate,"Dấu hiệu, biểu thị",Noun/Verb,Tiêu=dấu ấn + Chí=đặc trưng
1570,HSK 5,案情,Details Of A Case / Case,"Chi tiết vụ án, tình tiết vụ án",Noun,案 = vụ án + tình=tình hình
1571,HSK 5,步伐,Step / Pace / March,"Bước đi, nhịp độ phát triển",Noun,Bước=bước chân + Pháp=phương pháp
1572,HSK 5,残留,Remain / Be Left Over / Residue,"Còn sót, còn lại",Verb/Noun,Tàn=tàn dư + Lưu=lưu lại
1573,HSK 5,残酷,Cruel / Brutal / Merciless,"Thảm khốc, tàn nhẫn",Adj,Thương=tàn nhẫn + Khốc=khốc liệt
1574,HSK 5,毕竟,After All / All In All / Ultimately,"Rốt cuộc, xét cho cùng",Adv,Bích=rốt cuộc + Kinh=đến cùng
1575,HSK 5,沮丧,Dejected / Depressed / Dispirited,"Chán nản, thất vọng",Adj/Noun,Cư=thất bại + Tang=buồn bã
1576,HSK 5,波动,Fluctuate / Wave / Undulate,"Biến động, dao động",Verb/Noun,Ba=động + Động=chuyển động
1577,HSK 5,波涛,Great Waves / Billows,"Đợt sóng, sóng lớn",Noun,Ba=sóng + Thao=động đậy
1578,HSK 5,渴望,Long For / Yearn For / Eager / Desire,"Mong mỏi, khao khát",Verb/Noun,Kha=khao khát + Vọng=mong muốn
1579,HSK 5,满足,Satisfy / Meet / Content / Satisfaction,"Đáp ứng, hài lòng",Verb/Noun,Mãn=đầy đủ + Túc=đầy đủ
1580,HSK 5,激动,Excite / Stir / Agitate / Emotional,"Kích động, xúc động",Verb/Adj,Kích=kích thích + Động=xúc động
1581,HSK 5,激情,Passion / Enthusiasm / Fervor / Emotion,"Niềm đam mê, xúc cảm mãnh liệt",Noun,Kích=kích thích + Tình=cảm xúc
1582,HSK 5,激烈,Intense / Fierce / Violent / Sharp,"Kịch liệt, dữ dội",Adj,Kịch=mãnh liệt + Liệt=mãnh liệt
1583,HSK 5,爱惜,Cherish / Treasure / Spare,"Trân trọng, quý trọng",Verb,爱 = yêu + 惜 = tiếc
1584,HSK 5,爱慕,Adore / Admire / Love,"Ngưỡng mộ, yêu mến",Verb/Noun,爱 = yêu + 慕 = ngưỡng mộ
1585,HSK 5,爱戴,Love And Esteem,Yêu mến và kính trọng,Verb/Noun,爱 = yêu + 戴 =đeo
1586,HSK 5,爱护,Cherish / Protect / Take Care Of,"Yêu quý, bảo vệ",Verb,爱 = yêu + 护 = bảo vệ
1587,HSK 5,牢固,Firm / Secure / Solid / Fast,"Chắc chắn, vững chắc",Adj,Lão=vững chãi + Cố=chắc chắn
1588,HSK 5,牢骚,Complaint / Grievance / Grumble,"Phàn nàn, lời phàn nàn",Noun/Lão=phàn nàn + Sảo=lời than,
1589,HSK 5,理性,Rational / Reason / Rationality,"Lý tính, hợp lý",Noun/Adj,Lý=lý trí + Tính=tính chất
1590,HSK 5,界限,Limit / Boundary / Dividing Line,"Giới hạn, ranh giới",Noun,Giới=giới hạn + Hạn=ngưỡng
1591,HSK 5,祝贺,Congratulate / Offer Congratulations,"Chúc mừng, chúc tụng",Verb,Chúc=chúc phúc + Hạ=đến
1592,HSK 5,禁止,Prohibit / Ban / Forbid / Enjoin,"Cấm, ngăn cấm",Verb,Kim=cấm + Chỉ=chỉ đạo
1593,HSK 5,离别,Part / Leave / Bid Farewell / Parting,"Chia ly, tách biệt",Verb/Noun,Ly=tách biệt + Biệt=chia xa
1594,HSK 5,离奇,Odd / Strange / Fantastic / Bizarre,"Kỳ lạ, khó tin",Adj,Ly=khác thường + Kỳ=kỳ lạ
1595,HSK 5,积累,Accumulate / Sum / Stockpile / Pile Up,"Tích lũy, dồn lại",Verb/Noun,Tích=tích lũy + Lũy=tích lũy
1596,HSK 5,究竟,Actually / Exactly / After All,"Rốt cuộc, cuối cùng",Adv/Noun,Cứu=nguồn gốc + Kính=đến cùng
1597,HSK 5,空前,Unprecedented / Unmatched / Unrivaled,"Không tiền lệ, chưa từng có",Adj,Không=không + Tiền=trước đây
1598,HSK 5,空洞,Empty / Hollow / Void / Superficial,"Trống rỗng, không có nội dung",Adj,Không=trống + Động=hư vô
1599,HSK 5,立体,Three-dimensional / Stereoscopic / Cubic,"Ba chiều, không gian",Adj,Lập=khối + Thể=hình thể
1600,HSK 5,立场,Position / Standpoint / Stand / Stance,"Lập trường, quan điểm",Noun,Lập=xây dựng + Trường=vị trí
1601,HSK 5,立方,Cube / Cubic / Third Power,"Lập phương, hình khối",Noun,Lập=khối + Phương=hình khối
1602,HSK 5,竭力,Do One's Utmost / Exert Oneself To The Full,"Cố gắng hết sức, tận lực",Phrase,Kiệt=tận cùng + Lực=sức lực
1603,HSK 5,笔直,Straight / Straight As An Arrow,Thẳng tắp,Adj,Bút=bút + Trực=thẳng
1604,HSK 5,简直,Simply / Absolutely / At All / Virtually,"Thực ra, hoàn toàn",Adv,Giản=đơn giản + Trực=thẳng thắn
1605,HSK 5,简要,Concise / Brief / And To The Point,"Tóm tắt, súc tích",Adj,Giản=tóm tắt + Yếu=yếu chính
1606,HSK 5,精心,Meticulous / Painstaking / Elaborate,"Tỉ mỉ, chu đáo, hết sức cẩn thận",Adj,Kinh=tinh vi + Tâm=tâm trí
1607,HSK 5,精通,Master / Be Proficient In / Mastery,"Thông thạo, tinh thông",Verb/Adj,Kinh=tinh thông + Thông=thông suốt
1608,HSK 5,紧密,Close / Tight / Inseparable / Intimate,"Chặt chẽ, mật thiết",Adj,Khẩn=kết hợp + Mật=mật thiết
1609,HSK 5,紧急,Urgent / Pressing / Emergency / Critical,"Cấp bách, khẩn cấp",Adj,Khẩn=khẩn trương + Cấp=cấp bách
1610,HSK 5,纠正,Correct / Rectify / Redress / Put Right,"Sửa đúng, chỉnh sửa",Verb,Chính=chính xác + Chính=sửa chữa
1611,HSK 5,纠纷,Dispute / Disagreement / Dispute / Trouble,"Tranh chấp, tranh tụng",Noun,Kêu=tranh chấp + Phân=phân chia
1612,HSK 5,经历,Experience / Undergo / Go Through,"Trải qua, kinh nghiệm",Verb/Noun,Kinh=đi qua + Lịch=quá khứ
1613,HSK 5,经受,Endure / Withstand / Stand / Experience,"Chịu đựng, trải qua",Verb,Kinh=trải qua + Thụ=chịu đựng
1614,HSK 5,结局,Ending / Outcome / Result / Finale,"Kết cục, kết quả",Noun,Kết=kết thúc + Cục=cục diện
1615,HSK 5,结晶,Crystallize / Crystal / Fruit / Product,"Kết tinh, thành quả",Verb/Noun,Kết=kết hợp + Tinh=tinh thể
1616,HSK 5,结论,Conclusion / Verdict / Summarize,"Kết luận, luận điểm",Noun,Kết=kết thúc + Luận=luận điểm
1617,HSK 5,绝望,Despair / Hopelessness / Desperate,"Tuyệt vọng, mất hy vọng",Adj/Noun,Quyết=tuyệt đối + Vọng=hy vọng
1618,HSK 5,编号,Serial Number / Numbering,"Số thứ tự, đánh số",Noun/Biàn=chuỗi + Hào=số hiệu,
1619,HSK 5,美好,Beautiful / Fine / Happy / Lovely,"Tốt đẹp, tuyệt vời",Adj,Mỹ=đẹp đẽ + Hảo=tốt đẹp
1620,HSK 5,美观,Beautiful To Look At / Elegant / Aesthetically Pleasing,"Đẹp mắt, thẩm mỹ",Adj/Noun,Mỹ=thẩm mỹ + Quan=nhìn thấy
1621,HSK 5,考察,Inspect / Investigate / On-the-spot Investigation,"Khảo sát, kiểm tra",Verb/Noun,Khảo=khảo sát + Sát=kiểm tra thực tế
1622,HSK 5,考验,Test / Trial / Ordeal / Put To The Test,"Thử thách, kiểm tra",Verb/Noun,Khảo=thử nghiệm + Nghiệm=kiểm chứng
1623,HSK 5,联盟,Alliance / Coalition / League / Union,"Liên minh, liên kết",Noun,Liên=liên kết + Minh=hiệp lực
1624,HSK 5,联络,Get In Touch / Contact / Liaison,"Liên lạc, giữ liên lạc",Verb/Noun,Liên=kết nối + Lạc=kết nối
1625,HSK 5,背,Back / Reverse / Turn Away / Carry On Back,"Lưng, quay lưng, vác",Noun/Verb,Bắc=bắc + nguyệt=thịt
1626,HSK 5,背叛,Betray / Defect / Treachery,"Phản bội, phản trắc",Verb/Noun,Bối=lưng + phản=phản
1627,HSK 5,背后,Behind / Back / In Secret,"Đằng sau, sau lưng",Phrase,Sau=lưng + diện=bên
1628,HSK 5,背景,Background / Backdrop / Context,"Bối cảnh, nền tảng",Noun,Bối=bối + cảnh=khung cảnh
1629,HSK 5,背面,Back Side / Reverse / Rear,"Mặt sau, mặt lưng",Noun,Bối=lưng + diện=mặt
1630,HSK 5,良心,Conscience,"Lương tâm, lương tri",Noun,Lương=tâm trí + Tâm=tâm
1631,HSK 5,艰苦,Arduous / Difficult / Hard / Tough,"Gian khổ, khó khăn",Adj,Kiến=gian khổ + Khổ=khổ sở
1632,HSK 5,艰难,Difficult / Hard / Arduous / Rough,"Gian nan, khó khăn",Adj,Kiến=gian nan + Nam=khó khăn
1633,HSK 5,节省,Save / Economize / Use Sparingly,"Tiết kiệm, tiết giảm",Verb/Noun,Tiết=tiết giảm + Sinh=sinh ra
1634,HSK 5,苍白,Pale / Pallid / Feeble,"Xanh xao, nhợt nhạt",Adj,Thương=màu da + Bạch=trắng
1635,HSK 5,苍茫,Vast / Boundless / Indistinct,"Bát ngát, bao la",Adj,Thương=xanh thẳm + Mang=mờ mờ
1636,HSK 5,苦恼,Distressed / Worried / Trouble / Vexed,"Khổ sở, phiền muộn",Adj/Noun,Khổ=khổ đau + Não=phiền muộn
1637,HSK 5,草率,Careless / Rash / Sloppy,"Vội vã, qua loa, thiếu cẩn thận",Adj,Thảo=thô sơ + Suất=thái độ
1638,HSK 5,落后,Fall Behind / Backward / Lag,"Tụt hậu, đi sau",Verb/Adj,Lạc=tụt lại + Hậu=phía sau
1639,HSK 5,薄弱,Weak / Frail / Flimsy,"Yếu kém, mỏng manh",Adj,Bạc=mỏng + Nhược=yếu ớt
1640,HSK 5,街头,Street Corner / Street / Roadway,"Đường phố, góc đường",Noun,Giai=đường phố + Đầu=đầu đường
1641,HSK 5,补偿,Compensate / Make Up / Offset,"Bồi thường, bù đắp",Verb/Noun,Bù=bù đắp + Thường=thường lệ
1642,HSK 5,补充,Supplement / Add / Complement / Replenish,"Bổ sung, thêm vào",Verb/Noun,Bổ=thêm vào + Sung=đầy đủ
1643,HSK 5,补助,Subsidy / Aid / Grant,"Trợ cấp, hỗ trợ tài chính",Noun,Bổ=thêm vào + Trợ=giúp đỡ
1644,HSK 5,表彰,Cite / Commend / Honor,"Khen thưởng, biểu dương thành tích",Verb/Noun,Chủ=biểu dương + Chương=chương trình
1645,HSK 5,表情,Expression / Look / Facial Expression,"Biểu cảm, nét mặt",Noun,Biểu=bày tỏ + Tình=cảm xúc
1646,HSK 5,表明,Make Known / Show / Indicate / Demonstrate,"Biểu lộ, chứng tỏ",Verb,Biểu=bày tỏ + Minh=rõ ràng
1647,HSK 5,表现,Show / Express / Performance / Behavior,"Biểu hiện, biểu đạt",Verb/Noun,Biểu=bày tỏ + Hiện=hiện ra
1648,HSK 5,表达,Express / Convey / Show,"Biểu đạt, diễn đạt",Verb,Biểu=bày tỏ + Đạt=đạt ra
1649,HSK 5,表面,Surface / Face / Appearance,"Bề mặt, hình thức bên ngoài",Noun/Adj,Biểu=bên ngoài + Diện=mặt
1650,HSK 5,见解,View / Opinion / Understanding,"Nhận định, ý kiến, quan điểm",Noun,Kiến=nhìn nhận + Giải=hiểu
1651,HSK 5,见证,Witness / Testimony / Testify,"Chứng kiến, bằng chứng",Verb/Noun,Kiến=chứng kiến + Chứng=bằng chứng
1652,HSK 5,见面,Meet / See / Meet With,"Gặp nhau, gặp gỡ",Verb,Kiến=gặp + Diện=mặt
1653,HSK 5,觉悟,Consciousness / Awareness / Come To Realize,"Giác ngộ, nhận thức",Verb/Noun,Giác=nhận thức + Ngộ=ngộ ra
1654,HSK 5,角度,Angle / Point Of View / Perspective,"Góc độ, quan điểm",Noun,Góc=góc cạnh + Độ=mức độ
1655,HSK 5,角色,Role / Part / Character,"Vai trò, nhân vật",Noun,Giác=vai trò + Sắc=hình thái
1656,HSK 5,角落,Corner / Nook / Remote Spot,"Góc, góc cạnh",Noun,Góc=góc + Lạc=vùng xa
1657,HSK 5,解剖,Dissect / Anatomy / Analyze,"Giải phẫu, phân tích chi tiết",Verb/Noun,Giải=phân tách + Phẫu=phẫu thuật
1658,HSK 5,解救,Rescue / Save / Deliver / Help,"Giải cứu, cứu giúp",Verb,Giải=giải thoát + Cứu=cứu hộ
1659,HSK 5,解答,Answer / Explain / Solution,"Giải đáp, câu trả lời",Verb/Noun,Giải=giải thích + Đáp=trả lời
1660,HSK 5,解脱,Extricate / Free / Liberate / Release,"Giải thoát, thoát ly",Verb,Giải=giải tỏa + Thoát=thoát ra
1661,HSK 5,解除,Remove / Relieve / Lift / Rescind,"Giải trừ, hủy bỏ",Verb,Giải=giải tỏa + Trừ=loại bỏ
1662,HSK 5,解雇,Dismiss / Fire / Discharge,"Sa thải, nghỉ việc",Verb,Giải=thôi + Cố=việc làm
1663,HSK 5,记忆,Memory / Remember / Recollection,"Ký ức, nhớ lại",Noun/Verb,Ký=ghi nhớ + Ức=nhớ lại
1664,HSK 5,记载,Record / Put In Writing / Account,"Ghi chép, ghi lại",Verb/Noun,Ký=ghi chép + Tải=ghi chép
1665,HSK 5,谨慎,Prudent / Careful / Cautious / Discreet,"Thận trọng, cẩn thận",Adj,Khẩn=thận trọng + Thận=cẩn trọng
1666,HSK 5,距离,Distance / Space / Gap / Be Apart From,"Khoảng cách, cách xa",Noun/Verb,Cự=khoảng + Ly=khoảng cách
1667,HSK 5,辩论,Debate / Argue / Dispute,"Tranh luận, biện luận",Verb/Noun,Biện=biện giải + Luận=thảo luận
1668,HSK 5,边境,Border / Frontier / Boundary,"Biên giới, vùng biên",Noun,Biên=biên giới + Cảnh=vùng đất
1669,HSK 5,边缘,Edge / Fringe / Margin / Border,"Rìa, mép, biên giới",Noun,Biên=biên + Nguyên=rìa ngoài
1670,HSK 5,辽阔,Vast / Extensive / Wide,"Vô cùng rộng lớn, bao la",Adj,Li=rộng lớn + Khoát=rộng mở
1671,HSK 5,进取,Forge Ahead / Enterprising / Keen On Progress,"Tiến thủ, dám tiến tới",Verb/Adj,Tiến=tiến tới + Thủ=đi trước
1672,HSK 5,进展,Progress / Headway / Proceed,"Tiến triển, tiến độ",Verb/Noun,Tiến=tiến tới + Triển=mở rộng
1673,HSK 5,进攻,Attack / Offensive / Assault,"Tấn công, tiến công",Verb/Noun,Tiến=tiến tới + Công=tấn công
1674,HSK 5,进而,Then / And Then / Progressively,"Tiếp theo, do đó",Adv,Tiến=tiến tới + Nhiên=như vậy
1675,HSK 5,追究,Investigate / Look Into / Find Out,"Truy cứu, điều tra trách nhiệm",Verb,Chuyển=truy tìm + Cứu=tìm ra
1676,HSK 5,逼真,Lifelike / True To Life / Distinct,"Chân thực, giống hệt thật",Adj,Bức=thật + chân=chân thực
1677,HSK 5,逼近,Approach / Draw Near / Press Onward,"Tiến gần, áp sát",Verb,Bức=áp lực + cận=gần
1678,HSK 5,逼迫,Force / Compel / Coerce / Press,"Ép buộc, bắt ép",Verb,Bức=áp lực + bách=ép buộc
1679,HSK 5,避免,Avoid / Prevent / Avert,"Tránh, ngăn ngừa",Verb,Bích=tránh + Miễn=miễn trừ
1680,HSK 5,避开,Avoid / Evade / Keep Away From,"Tránh ra, né tránh",Verb,Bích=tránh + Khai=mở ra
1681,HSK 5,郊外,Suburbs / Outskirts / Countryside,"Vùng ngoại ô, vùng ngoại thành",Noun,Giao=thành phố + Ngoại=bên ngoài
1682,HSK 5,部分,Part / Section / Portion / Share,"Bộ phận, phần lớn",Noun,Bộ=bộ phận + Phân=phần chia
1683,HSK 5,金属,Metal,Kim loại,Noun,Kim=kim khí + Thụ=thuộc tính
1684,HSK 5,金色,Golden / Gold Color,"Màu vàng, vàng son",Noun,Kim=kim loại + Sắc=màu sắc
1685,HSK 5,鉴赏,Appreciate / Evaluate / Appreciation,"Đánh giá, thẩm định",Verb/Noun,Kiến=thẩm định + Thưởng=đánh giá cao
1686,HSK 5,长寿,Longevity / Long-lived,"Trường thọ, sống lâu",Adj/Verb,Trường=dài lâu + Thọ=tuổi thọ
1687,HSK 5,阶段,Stage / Phase / Period / Step,"Giai đoạn, cấp độ",Noun,Giai=quá trình + Đoạn=phần
1688,HSK 5,降低,Reduce / Lower / Drop / Cut,"Giảm xuống, hạ thấp",Verb,Giáng=hạ xuống + Thấp=thấp đi
1689,HSK 5,集中,Concentrate / Focus / Centralize / Gather,"Tập trung, hội tụ",Verb/Noun,Tập=tập hợp + Trung=trung tâm
1690,HSK 5,颤动,Tremble / Vibrate / Quiver,"Rung động, run rẩy",Verb/Noun,Chiến=rung chuyển + Động=chuyển động
1691,HSK 5,马虎,Careless / Slipshod / Negligent / Sloppy,"Thờ ơ, cẩu thả",Adj,Ma=thờ ơ + Hổ=thiếu cẩn thận
1692,HSK 5,驳回,Reject / Overrule / Turn Down,"Bác bỏ, từ chối",Verb,Bác=bác bỏ + Hồi=trả lại
1693,HSK 5,骄傲,Proud / Arrogant / Conceited,"Tự hào, kiêu ngạo",Adj/Noun,Kiêu=kiêu căng + Ngạo=ngạo mạn
1694,HSK 6,世纪,Century,Thế kỷ,Noun,Thế=thế + Kỷ=kỷ
1695,HSK 6,丧失,Lose / Forfeit / Be Deprived Of,"Mất mát, đánh mất",Verb,Tang=tang + Thất=thất
1696,HSK 6,书册,Books / Volumes,"Sách vở, tập sách",Noun,Thư=thư + Sách=sách
1697,HSK 6,事务,Affairs / Business / Work,"Việc, công việc, sự vụ",Noun,Sự=sự + Vụ=vụ
1698,HSK 6,事态,State Of Affairs / Situation,"Tình hình, diễn biến",Noun,Sự=sự + Thái=thái
1699,HSK 6,亲切,Cordial / Kind / Warm,"Thân thiết, thân tình",Adj,Thân=thân + thiết=thiết
1700,HSK 6,亲密,Close / Intimate / Familiar,"Thân mật, gần gũi",Adj,Thân=thân + mật=mật
1701,HSK 6,人情,Human Feeling / Sympathy / Favor,"Tình người, sự ưu ái",Noun,Nhân=người + Tình=tình
1702,HSK 6,人杰,Outstanding Person / Hero,"Nhân kiệt, người tài xuất chúng",Noun,Nhân=người + Kiệt=kiệt
1703,HSK 6,仁,Benevolence / Kindness / Humanity,"Nhân ái, lòng nhân từ",Noun/Adj,Nhân=nhân + Nhị=nhị
1704,HSK 6,仁慈,Benevolent / Kind / Merciful,"Nhân từ, từ bi",Adj/Noun,Nhân=nhân + Từ=từ
1705,HSK 6,任命,Appoint / Assign / Commission,"Bổ nhiệm, giao nhiệm vụ",Verb/Noun,Nhậm=nhậm + Mệnh=mệnh
1706,HSK 6,体会,Realize / Understand / Experience,"Thông hiểu, cảm nhận",Verb/Noun,Thể=thể + Hội=hội
1707,HSK 6,体制,System / Structure / Institution,"Thể chế, cơ cấu tổ chức",Noun,Thể=thể + Chế=chế
1708,HSK 6,体现,Embody / Reflect / Manifest,"Thể hiện, phản ánh",Verb/Noun,Thể=thể + Hiện=hiện
1709,HSK 6,体贴,Considerate / Thoughtful / Solicitous,"Thân mật, chu đáo",Adj,Thân=thân + Thiếp=thiếp
1710,HSK 6,体面,Dignity / Face / Honorable,"Thể diện, danh dự",Noun/Adj,Thể=thể + Diện=diện
1711,HSK 6,体验,Experience / Taste / Live Through,"Trải nghiệm, thực nghiệm",Verb/Noun,Thể=thể + Nghiệm=nghiệm
1712,HSK 6,佩服,Admire / Esteem / Respect,"Kính phục, ngưỡng mộ",Verb,佩 = bội + phục=phục
1713,HSK 6,使者,Messenger / Envoy / Ambassador,"Người đưa thư, sứ giả",Noun,Sứ=sứ + Giả=giả
1714,HSK 6,侵犯,Encroach On / Violate / Intrude,"Xâm phạm, xâm nhập",Verb,Xâm=xâm + phạm=phạm
1715,HSK 6,侵蚀,Erode / Corrode / Eat Away,"Xói mòn, xâm thực",Verb,Xâm=xâm + thực=thực
1716,HSK 6,俏丽,Handsome / Stylish / Pretty,"Đẹp xinh, duyên dáng",Adj,Tiêu=tiêu + lệ=lệ
1717,HSK 6,俏皮,Witty / Smart / Charming,"Thông minh, dí dỏm",Adj,Khiếu=khiếu + bì=bì
1718,HSK 6,倾,Incline / Lean / Pour,"Nghiêng, đổ ra, đổ vào",Verb,Khuynh=khuynh + hướng=hướng
1719,HSK 6,倾听,Listen Attentively / Hear,"Lắng nghe, chú ý nghe",Verb,Khuynh=nghiêng + nghe=nghe
1720,HSK 6,偏私,Biased / Partial / Selfish,"Thiên vị, tư lợi",Adj/Verb,Thiên=thiên + tư=tư
1721,HSK 6,偏袒,Show Favoritism / Be Partial To,"Thiên vị, bênh vực",Verb/Noun,Thiên=thiên + đản=đản
1722,HSK 6,偏颇,Biased / Partial / Imbalanced,"Thiên lệch, không công bằng",Adj,Thiên=thiên + phả=phả
1723,HSK 6,偷盗,Steal / Pilfer / Theft,"Trộm cắp, hành vi trộm cắp",Verb/Noun,Đầu=đầu + Đạo=đạo
1724,HSK 6,全然,Entirely / Completely / Wholly,"Hoàn toàn, hoàn toàn",Adv,Toàn=toàn + Nhiên=nhiên
1725,HSK 6,冉冉,Slowly / Gradually / Softly,"Chậm chạp, từ từ",Adv/Noun,Nhiễu=nhiễu + Nhiên=nhiên
1726,HSK 6,凄凉,Desolate / Miserable / Bleak,"Thê lương, hoang vắng",Adj,Thanh=thanh + lương=lương
1727,HSK 6,凭借,Rely On / Depend On / By Means Of,"Dựa vào, nhờ vào",Verb/Prep,Bằng=bằng + tá=tá
1728,HSK 6,凭据,Evidence / Proof / Credentials,"Bằng chứng, chứng cứ",Noun,Bằng=bằng + cứ=cứ
1729,HSK 6,判别,Distinguish / Differentiate,"Phân biệt, nhận dạng",Verb,判 = phán + biệt=biệt
1730,HSK 6,判罪,Declare Guilty / Convict,Xét xử tội trạng,Verb,判 = phán + tội=tội
1731,HSK 6,前任,Predecessor / Former,"Người tiền nhiệm, trước đây",Noun/Term,Tiền=tiền + nhiệm=nhiệm
1732,HSK 6,前夕,Eve / Preceding Night,"Đêm trước, tiền đêm",Noun,Tiền=tiền + tịch=tịch
1733,HSK 6,前沿,Cutting Edge / Forefront / Leading,"Đầu ngành, vị trí hàng đầu",Noun/Adj,Tiền=tiền + duyên=duyên
1734,HSK 6,剽窃,Plagiarize / Steal (ideas/text),"Đạo văn, chiếm đoạt kết quả",Verb,Phách=phách + thiết=thiết
1735,HSK 6,势力,Influence / Power / Force,"Thế lực, quyền thế",Noun,Thế=thế + Lực=lực
1736,HSK 6,势必,Inevitably / Certainly / Be Bound To,"Chắc chắn sẽ, nhất định sẽ",Adv,Thế=thế + Bắt=bắt
1737,HSK 6,勤,Diligent / Hardworking / Often,"Cần cù, siêng năng",Adj,Cần=cần + lực=lực
1738,HSK 6,勤俭,Diligent And Thrifty,"Cần kiệm, siêng năng tiết kiệm",Adj,Cần=cần + kiệm=kiệm
1739,HSK 6,勤奋,Diligent / Assiduous / Hardworking,"Cần mẫn, siêng năng",Adj,Cần=cần + phấn=phấn
1740,HSK 6,勤恳,Diligent And Earnest / Conscientious,Chăm chỉ và chân thành,Adj,Cần=cần + Khẩn=khẩn
1741,HSK 6,升华,Sublime / Distill / Rise,"Thăng hoa, nâng tầm",Verb/Noun,Thăng=thăng + Hoa=hoa
1742,HSK 6,去向,Whereabouts / Direction,"Vị trí đi đến, hướng đi",Noun,Đi=đi + Hướng=hướng
1743,HSK 6,取代,Replace / Supersede / Take Over,"Thay thế, thay vào vị trí",Verb,Thay=thay + Thế=thế
1744,HSK 6,取缔,Outlaw / Ban / Suppress / Close Down,"Cấm, đình chỉ, thu hẹp",Verb,Thủ=thủ + Đế=đế
1745,HSK 6,叛国,Betray One's Country / Treason,"Phản quốc, phản bội tổ quốc",Verb/Noun,判 = phán + quốc=quốc
1746,HSK 6,同情,Sympathize / Compassion / Pity,"Thương hại, đồng cảm",Verb/Noun,Đồng=đồng + Tình=tình
1747,HSK 6,启发,Enlighten / Inspire / Arouse,"Khai sáng, gợi mở",Verb/Noun,Khải=khải + phát=phát
1748,HSK 6,启示,Enlightenment / Revelation / Moral,"Sự gợi ý, thông điệp",Noun/Verb,Khải=khải + thị=thị
1749,HSK 6,启迪,Inspire / Enlighten / Show,"Khai ngộ, gợi ý",Verb,Khải=khải + đệ=đệ
1750,HSK 6,哀叹,Lament / Bewail,"Than thở, bi ai",Verb/Noun,叹 = thán + 哀 = ai
1751,HSK 6,品德,Moral Character / Virtue,"Phẩm đức, đạo đức",Noun,Phẩm=phẩm + đức=đức
1752,HSK 6,品行,Conduct / Behavior / Morality,"Phẩm hạnh, cách ứng xử",Noun,Phẩm=phẩm + hạnh=hạnh
1753,HSK 6,商人,Businessman / Merchant / Trader,"Người buôn bán, thương gia",Noun,Thương=thương + Nhân=người
1754,HSK 6,商讨,Discuss / Deliberate Over / Confer,"Thảo luận, thương thảo",Verb,Thảo=thảo + Thảo=thảo
1755,HSK 6,喷发,Erupt / Spurt / Blow Off,"Phun trào, phóng ra",Verb,喷 = phun + phát=phát
1756,HSK 6,圣洁,Holy And Pure / Saintly,"Thánh khiết, trong sạch",Adj,Thánh=thánh + Khiết=khiết
1757,HSK 6,坡,Slope / Inclined Ground,"Đồi dốc, độ nghiêng",Noun/Adj,Thổ=đất + bì=bì
1758,HSK 6,坦率,Frank / Candid / Straightforward,"Thành thật, thẳng thắn",Adj,Thản=thản + Suất=suất
1759,HSK 6,塞外,Beyond The Great Wall / Frontier,"Vùng biên ải, ngoài Vạn lý trường thành",Noun,Tái=tái + Ngoài=ngoài
1760,HSK 6,填补,Fill / Fill Up / Supply,"Điền vào, bù đắp",Verb,Thiên=thiên + Bổ=bổ
1761,HSK 6,声望,Prestige / Popularity / Reputation,"Uy tín, danh tiếng",Noun,Thanh=thanh + Vọng=vọng
1762,HSK 6,天堂,Paradise / Heaven,Thiên đường,Noun,Thiên=thiên + Đường=đường
1763,HSK 6,天理,Natural Law / Heavenly Principle,"Lẽ trời, đạo lý tự nhiên",Noun,Thiên=thiên + Lý=lý
1764,HSK 6,天色,Color Of The Sky / Time Of Day,"Màu bầu trời, thời tiết",Noun,Thiên=thiên + Sắc=sắc
1765,HSK 6,天赋,Inborn / Gifted / Talent,"Thiên phú, năng khiếu bẩm sinh",Noun/Adj,Thiên=thiên + Phú=phú
1766,HSK 6,失宜,Inappropriate / Improper,"Không phù hợp, không đúng lẽ",Phrase,Thất=thất + Nghi=nghi
1767,HSK 6,失控,Lose Control / Runaway,"Mất kiểm soát, không còn chế ngự",Phrase,Thất=thất + Khống=khống
1768,HSK 6,头绪,Main Thread / Clues / Order,"Đầu mối, manh mối",Noun,Đầu=đầu + Tự=tự
1769,HSK 6,妥善,Appropriate / Properly / Well-arranged,"Thỏa đáng, chu đáo",Adj,Thỏa=thỏa + Thiện=thiện
1770,HSK 6,始终,From Beginning To End / Always,"Luôn luôn, từ đầu đến cuối",Adv/Noun,Thủy=thủy + Chung=chung
1771,HSK 6,媲美,Compare Favorably With / Rival,"Sánh bằng, đọ được",Verb,Tỉ=tỉ + mỹ=mỹ
1772,HSK 6,守护,Guard / Defend / Watch Over,"Bảo vệ, canh giữ",Verb,Thủ=thủ + Hộ=hộ
1773,HSK 6,安危,Safety And Danger,"An nguy, sự an toàn",Noun,安 = an + 危 = nguy
1774,HSK 6,安慰,Comfort / Console / Soothe,"An ủi, vỗ về",Verb/Noun,安 = an + 慰 = vệ
1775,HSK 6,安稳,Smooth And Steady / Peaceful,"Ổn định, an yên",Adj,安 = an + 稳 = vững
1776,HSK 6,安详,Serene / Composed / Dignified,"An nhiên, từ tốn",Adj,安 = an + 祥 = tường
1777,HSK 6,实力,Strength / Capability / Power,"Thực lực, năng lực thực tế",Noun,Thực=thực + Lực=lực
1778,HSK 6,实惠,Real Benefits / Substantial / Affordable,"Lợi ích thực tế, giá hợp lý",Noun/Adj,Thực=thực + Huệ=huệ
1779,HSK 6,实质,Essence / Substance / Nature,"Bản chất, thực chất",Noun,Thực=thực + Chất=chất
1780,HSK 6,实践,Practice / Put Into Practice / Carry Out,"Thực hành, thực tiễn",Verb/Noun,Thực=thực + Hành=hành
1781,HSK 6,实际,Reality / Actual / Practical,"Thực tế, thực tiễn",Noun/Adj,Thực=thực + Tế=tế
1782,HSK 6,审判,Try / Judge / Judicial Decision,"Xét xử, xét xử",Verb/Noun,Thẩm=thẩm + Phán=phán
1783,HSK 6,审查,Examine / Investigate / Audit / Censor,"Xem xét, kiểm tra, duyệt",Verb/Noun,Thẩm=thẩm + Trà=trà
1784,HSK 6,审美,Aesthetic / Taste / Appreciation Of Beauty,"Thẩm mỹ, quan niệm thẩm mỹ",Noun/Adj,Thẩm=thẩm + Mỹ=mỹ
1785,HSK 6,寿命,Life Span / Age / Lifetime,"Tuổi thọ, vòng đời",Noun,Thọ=thọ + Mệnh=mệnh
1786,HSK 6,屈服,Surrender / Yield / Submit,"Chịu khuất, đầu hàng",Verb,Khuất=khuất + Phục=phục
1787,HSK 6,属性,Attribute / Property / Nature,"Thuộc tính, đặc tính",Noun,Thuộc=thuộc + Tính=tính
1788,HSK 6,崎岖,Rugged / Uneven / Rough,"Gập ghềnh, hiểm trở",Adj,Núi=núi + khu=khu + kỵ=kỵ
1789,HSK 6,嵌,Inlay / Embed / Set Into,"Khảm, chèn vào",Verb,Khảm=khảm + chìm=chìm
1790,HSK 6,巧妙,Ingenious / Clever / Skillful,"Xảo xuyến, khéo léo",Adj,Khiếu=khiếu + diệu=diệu
1791,HSK 6,平和,Gentle / Mild / Calm / Harmonious,"Ôn hòa, bình dị",Adj,Bình=bình + hòa=hòa
1792,HSK 6,平庸,Mediocre / Commonplace / Undistinguished,"Bình thường, tầm thường",Adj,Bình=bình + dung=dung
1793,HSK 6,平铺,Spread Smoothly / Be Flat,"Trải đều, trải phẳng",Verb,Bình=bình + trải=trải
1794,HSK 6,平顺,Smooth / Plain-sailing / Unimpeded,"Trôi chảy, thuận lợi",Adj,Bình=bình + thuận=thuận
1795,HSK 6,庆贺,Congratulate / Celebrate,"Kỷ niệm, chúc mừng",Verb,Khánh=khánh + Hạ=hạ
1796,HSK 6,强制,Compulsory / Force / Coerce,"Bắt buộc, cưỡng chế",Adj/Verb,Cường=cường + chế=chế
1797,HSK 6,强烈,Strong / Intense / Fierce,"Mạnh mẽ, mãnh liệt",Adj,Cường=cường + liệt=liệt
1798,HSK 6,忍耐,Endure / Bear / Tolerate,"Kiên nhẫn, chịu đựng",Verb/Noun,Nhẫn=nhẫn + Nại=nại
1799,HSK 6,忍让,Be Humble / Yield / Tolerate,"Nhượng nhịp, nhẫn nhịn",Verb/Noun,Nhẫn=nhẫn + Nhượng=nhượng
1800,HSK 6,态度,Attitude / Manner / Bearing,"Thái độ, cách đối xử",Noun,Thái=thái + Độ=độ
1801,HSK 6,恰当,Appropriate / Proper / Suitable,"Thích đáng, hợp lý",Adj,Khiếc=khiếc + đương=đương
1802,HSK 6,情形,Situation / Circumstances / Condition,"Tình hình, tình trạng",Noun,Tình=tình + Hình=hình
1803,HSK 6,情感,Emotion / Feeling / Sentiment,"Tình cảm, xúc cảm",Noun,Tình=tình + Cảm=cảm
1804,HSK 6,情理,Reason / Sense / Reasonableness,"Tình lý, lẽ thường",Noun,Tình=tình + Lý=lý
1805,HSK 6,情趣,Temperament / Interest / Delight,"Tình thú, hứng thú",Noun,Tình=tình + Thú=thú
1806,HSK 6,惹,Provoke / Stir Up / Attract,"Khiêu khích, gây ra, thu hút",Verb,Nhược=nhược + Tâm=tâm
1807,HSK 6,慎重,Cautious / Careful / Prudent,"Thận trọng, cẩn thận",Adj,Thận=thận + Trọng=trọng
1808,HSK 6,手段,Means / Method / Trick / Measure,"Phương tiện, thủ đoạn",Noun,Thủ=thủ + Đoạn=đoạn
1809,HSK 6,扫视,Glance Over / Sweep / Scan,"Nhìn lướt, quét qua",Verb,Tảo=tảo + Thị=thị
1810,HSK 6,抒发,Express / Voice / Give Expression To,"Bày tỏ, diễn đạt",Verb,Thư=thư + Phát=phát
1811,HSK 6,披阅,Read Through / Peruse,"Đọc kỹ, duyệt xét",Verb,Phi=phơi + duyệt=duyệt
1812,HSK 6,拾,Pick Up / Gather / Collect,"Nhặt lên, thu thập",Verb,Thập=thập + Thủ=thủ
1813,HSK 6,挑衅,Provoke / Defy / Challenge,"Khiêu khích, thách thức",Verb/Noun,Điều=điều + Tấn=tấn
1814,HSK 6,挺进,Press Forward / Push Onward,"Tiến vào, tiến quân mạnh mẽ",Verb,Thính=thính + Tiến=tiến
1815,HSK 6,探讨,Inquire Into / Discuss / Probe,"Thảo luận, tìm hiểu",Verb,Thảo=thảo + Thảo=thảo
1816,HSK 6,提纲,Outline / Skeleton / Key Points,"Đề cương, dàn ý",Noun,Đề=đề + Cương=cương
1817,HSK 6,提议,Propose / Suggest / Proposal,"Đề xuất, kiến nghị",Verb/Noun,Đề=đề + Nghị=nghị
1818,HSK 6,收益,Income / Profit / Earnings / Gain,"Thu nhập, lợi nhuận",Noun,Thu=thu + Lợi=lợi
1819,HSK 6,收藏,Collect / Store Up / House,"Sưu tầm, cất giữ",Verb,Thu=thu + Tàng=tàng
1820,HSK 6,散布,Scatter / Spread / Distribute,"Phân tán, lan ra, phân phối",Verb,Tán=tán + Bố=bố
1821,HSK 6,数额,Amount / Number / Sum,"Số lượng, tổng số",Noun,Số=số + Ngạch=ngạch
1822,HSK 6,施展,Put To Good Use / Give Free Rein To,"Thi triển, phát huy",Verb,Thi=thi + Triển=triển
1823,HSK 6,日新月异,Change With Each Passing Day,"Ngày càng đổi mới, phát triển nhanh",Phrase,Nhật=ngày + Tân=mới + Nguyệt=tháng + Dị=khác
1824,HSK 6,时代,Era / Times / Age,"Thời đại, kỷ nguyên",Noun,Thời=thời + Đại=đại
1825,HSK 6,时宜,Times / Fashion / Propriety,"Thời thế, sự phù hợp thời đại",Noun,Thời=thời + Nghi=nghi
1826,HSK 6,时尚,Fashion / Trend / Voguish,"Thời trang, mốt",Noun/Adj,Thời=thời + Thượng=thượng
1827,HSK 6,是非,Right And Wrong / Dispute / Quarrel,"Đúng sai, thị phi, tranh chấp",Noun,Thị=thị + Phi=phi
1828,HSK 6,曙光,Dawn / First Light / Hope,"Ánh sáng bình minh, hy vọng",Noun,Thử=thử + Quang=quang
1829,HSK 6,曲折,Zigzag / Tortuous / Complicated,"Khúc khuỷu, phức tạp",Adj/Noun,Khúc=khúc + Chiết=chiết
1830,HSK 6,曲解,Misinterpret / Distort / Twist,"Diễn giải sai, bóp méo",Verb/Noun,Khiêu=khiêu + Giải=giải
1831,HSK 6,期望,Expect / Hope / Expectation,"Mong đợi, kỳ vọng",Verb/Noun,Kỳ=kỳ + vọng=vọng
1832,HSK 6,杀戮,Slay / Kill / Massacre,"Tàn sát, giết chóc",Verb/Noun,Sát=sát + Lục=lục
1833,HSK 6,权势,Power And Influence,"Thế lực, quyền thế",Noun,权 = quyền + thế=thế
1834,HSK 6,权宜,Expedient / Temporary,"Tạm thời, phù hợp thời thế",Adj,权 = quyền + nghi=nghi
1835,HSK 6,权益,Rights And Interests,Quyền và lợi ích,Noun,权 = quyền + ích=ích
1836,HSK 6,束缚,Tie / Bind / Fetter / Restrict,"Buộc, ràng buộc, hạn chế",Verb/Noun,Thư=thư + Phúc=phúc
1837,HSK 6,条理,Order / Arrangement / Organization,"Trật tự, sự sắp xếp hợp lý",Noun,Điều=điều + Lý=lý
1838,HSK 6,枢纽,Pivot / Hub / Key Position,"Trục xoay, vị trí then chốt",Noun,Thư=thư + Nữu=nữu
1839,HSK 6,欠缺,Be Deficient In / Lack / Shortcoming,"Thiếu hụt, khuyết điểm",Verb/Noun,Khuyết=khuyết + thiếu=thiếu
1840,HSK 6,歧视,Discriminate / Discrimination,"Kỳ thị, đối xử bất bình đẳng",Verb/Noun,Kỳ=kỳ + thị=thị
1841,HSK 6,气概,Mettle / Spirit / Character,"Khí khái, bản lĩnh",Noun,Khí=khí + khái=khái
1842,HSK 6,气魄,Boldness / Daring / Magnanimity,"Khí phách, khí thế",Noun,Khí=khí + phách=phách
1843,HSK 6,求生,Seek Survival / Struggle For Life,"Tìm cách sống, sinh tồn",Phrase,Sinh=sống + Tìm=tìm
1844,HSK 6,求知,Seek Knowledge / Pursue Learning,"Mong tìm hiểu, cầu học",Phrase,Tri=hiểu + Tìm=tìm
1845,HSK 6,法令,Decrees And Regulations,"Sắc lệnh, pháp lệnh",Noun,法 = pháp + lệnh=lệnh
1846,HSK 6,法器,Ritual Implement / Musical Instrument,"Pháp khí, dụng cụ nghi lễ",Noun,法 = pháp + khí=khí
1847,HSK 6,法定,Legal / Statutory / Lawful,"Theo luật định, pháp định",Adj,法 = pháp + định=định
1848,HSK 6,法宝,Magic Weapon / Treasured Trick,"Bảo bối, pháp bảo",Noun,法 = pháp + bảo=bảo
1849,HSK 6,法度,Law / Moral Standard / Rule,"Pháp luật, quy phạm",Noun,法 = pháp + độ=độ
1850,HSK 6,法案,Draft Law / Bill,"Dự luật, văn bản pháp luật",Noun,法 = pháp + án=án
1851,HSK 6,法理,Legal Principle / Jurisprudence,Lý luận pháp luật,Noun,法 = pháp + lý=lý
1852,HSK 6,法盲,Legal Illiterate,Người không hiểu pháp luật,Noun,法 = pháp + mù=mù
1853,HSK 6,法规,Laws And Regulations,"Quy định, văn bản quy phạm pháp luật",Noun,法 = pháp + quy=quy
1854,HSK 6,泡沫,Foam / Bubble / Froth,"Bọt nước, bong bóng",Noun,Thủy=nước + bạo=bạo
1855,HSK 6,泰然,Calm / Composed / Self-possessed,"Thản nhiên, bình thản",Adj,Thái=thái + Nhiên=nhiên
1856,HSK 6,洒脱,Free And Easy / Uninhibited,"Thong dong, tự do phóng khoáng",Adj,Tả=tả + Đạt=đạt
1857,HSK 6,洽谈,Discuss / Negotiate / Talk Over,"Thương lượng, đàm phán",Verb,Hiệp=hiệp + đàm=đàm
1858,HSK 6,浅显,Simple / Easy / Plain,"Đơn giản, dễ hiểu",Adj,Thiển=thiển + hiện=hiện
1859,HSK 6,淘汰,Eliminate / Drop Out / Discard,"Loại bỏ, đào thải",Verb,Đào=đào + Thải=thải
1860,HSK 6,深入,Go Deep Into / Penetrate / Thorough,"Đi sâu, triệt để",Verb/Adj,Thâm=thâm + Nhập=nhập
1861,HSK 6,深厚,Deep / Profound / Intimate,"Sâu đậm, sâu sắc",Adj,Thâm=thâm + Hậu=hậu
1862,HSK 6,深奥,Profound / Deep / Abstruse,"Sâu sắc, khó hiểu",Adj,Thâm=thâm + Áo=áo
1863,HSK 6,深情,Deep Affection / Deep Feeling,Tình cảm sâu đậm,Noun/Adj,Thâm=thâm + Tình=tình
1864,HSK 6,清白,Pure / Clean / Innocent,"Trong sạch, thanh liêm",Adj,Thanh=thanh + Bạch=bạch
1865,HSK 6,清高,Pure And Lofty / Aloof From Politics,"Thanh cao, cao khiết",Adj,Thanh=thanh + Cao=cao
1866,HSK 6,湿润,Moist / Humid / Damp,"Ẩm ướt, ẩm ướt",Adj,Thủy=nước + Nhân=nhân
1867,HSK 6,滔滔,Torrential / Surging / Endless,"Liên miên, hùng tráng",Adj/Adv,Thảo=thảo + Thảo=thảo
1868,HSK 6,炮制,Prepare Herbal Medicine / Fabricate,"Chế biến, bịa đặt",Verb,Páo=páo + chế=chế
1869,HSK 6,热忱,Zeal / Warmheartedness / Enthusiasm,"Nhiệt tình, lòng nhiệt thành",Noun/Adj,Nhiệt=nhiệt + Thành=thành
1870,HSK 6,热衷,Crave / Be Fond Of / Be Keen On,"Nhiệt tình, say mê",Verb,Nhiệt=nhiệt + Trung=trung
1871,HSK 6,煞费苦心,Take Great Pains / Painstaking,"Tốn nhiều công sức, tỉ mỉ",Phrase,Sát=sát + Phí=phí + Khổ=khổ + Tâm=tâm
1872,HSK 6,熟知,Know Well / Be Familiar With,"Biết rõ, am hiểu",Verb,Thục=thục + Tri=tri
1873,HSK 6,熟练,Skilled / Experienced / Proficient,"Thành thạo, thuần thục",Adj,Thục=thục + Luyện=luyện
1874,HSK 6,燃,Burn / Ignite / Light,"Đốt cháy, bùng cháy",Verb,Hỏa=lửa + Nhiên=nhiên
1875,HSK 6,爽朗,Bright / Hearty / Frank,"Sảng khoái, thẳng thắn",Adj,Song=song + Lãng=lãng
1876,HSK 6,牵涉,Involve / Drag In / Concern,"Liên quan, dính líu",Verb,Xuyên=xuyên + thiệp=thiệp
1877,HSK 6,特地,Specially / Especially / On Purpose,"Đặc biệt, cố ý",Adv,Đặc=đặc + Địa=địa
1878,HSK 6,特征,Characteristic / Feature / Trait,"Đặc điểm, đặc trưng",Noun,Đặc=đặc + Trưng=trưng
1879,HSK 6,特意,Specially / For A Special Purpose,"Đặc biệt, cố ý",Adv,Đặc=đặc + Ý=ý
1880,HSK 6,特有的,Inherent / Peculiar / Characteristic,"Riêng có, đặc hữu",Adj,Đặc=đặc + Hữu=hữu
1881,HSK 6,率先,Take The Lead / Be The First,"Đi đầu, tiên phong",Adv,Suất=suất + Tiên=tiên
1882,HSK 6,琐碎,Trivial / Trifling / Petty,"Vặt vãnh, nhỏ nhặt",Adj,Tỏ=tỏ + Tạp=tạp
1883,HSK 6,甜言蜜语,Sweet Words / Honeyed Phrases,"Lời lẽ ngọt ngào, lời nói duyên dáng",Phrase,Thiên=thiên + Ngôn=ngôn + Mật=mật + Ngữ=ngữ
1884,HSK 6,生动,Lively / Vivid / Animated,"Sinh động, sống động",Adj,Sinh=sinh + Động=động
1885,HSK 6,疏忽,Neglect / Oversight / Carelessness,"Thất sót, bất cẩn",Verb/Noun,Thư=thư + Hô=hô
1886,HSK 6,疏通,Dredge / Unblock / Mediate,"Thông thoáng, điều giải",Verb,Thông=thông + Thông=thông
1887,HSK 6,疲顿,Fatigued / Tired / Weary,"Mệt mỏi, kiệt sức",Adj,Bị=bị + đốn=đốn
1888,HSK 6,疼爱,Love Dearly / Be Fond Of / Cherish,"Yêu thương, chiều chuộng",Verb,Thông=thông + Ái=ái
1889,HSK 6,痛,Pain / Sorrow / Ache / Grief,"Đau đớn, nỗi đau",Noun/Verb,Thống=thống + Thương=thương
1890,HSK 6,痛快,Joyful / Straightforward / Satisfying,"Thỏa mái, vui vẻ, thẳng thắn",Adj/Adv,Thống=thống + Khoái=khoái
1891,HSK 6,痛恨,Hate Bitterly / Abhor,"Căm ghét, cực kỳ căm thù",Verb,Thống=thống + Hận=hận
1892,HSK 6,皮草,Fur / Leather And Fur,"Lông thú, da lông",Noun,Da=da + thảo=thảo
1893,HSK 6,盘踞,Be entrenched / Occupy,"Chiếm đóng, bám trụ",Verb,盘 = bàn + cứ=cứ
1894,HSK 6,盛产,Abound In / Produce In Abundance,"Sản xuất nhiều, phong phú",Verb,Thịnh=thịnh + Sản=sản
1895,HSK 6,盛行,Be Current / Be In Vogue / Prevail,"Thịnh hành, lan rộng",Verb,Thịnh=thịnh + Hành=hành
1896,HSK 6,省事,Save Trouble / Simplify Matters,"Tiết kiệm công sức, đơn giản hóa",Phrase,Tỉnh=tỉnh + Sự=sự
1897,HSK 6,破例,Break A Rule / Make An Exception,"Phá lệ, làm ngoại lệ",Phrase,Phá=phá + lệ=lệ
1898,HSK 6,破绽,Flaw / Crack / Weak Point,"Lỗ hổng, điểm yếu",Noun,Phá=phá + trấn=trấn
1899,HSK 6,破败,Ruined / Dilapidated / Worn-out,"Đổ nát, hư hỏng",Adj,Phá=phá + bại=bại
1900,HSK 6,示意,Signal / Hint / Motion,"Báo hiệu, ra hiệu",Verb/Noun,Thị=thị + Ý=ý
1901,HSK 6,祈求,Beg / Pray / Entreat,"Cầu xin, khấn nguyện",Verb,Kỳ=cầu + cầu=cầu
1902,HSK 6,祈祷,Pray / Say One's Prayers,"Cầu nguyện, khấn vái",Verb/Noun,Kỳ=kỳ + đạo=đạo
1903,HSK 6,神,God / Deity / Spirit / Supernatural,"Thần, linh hồn, kỳ diệu",Noun/Adj,Thần=thần + Thân=thân
1904,HSK 6,神圣,Sacred / Holy / Divine,"Thánh thiêng, linh thiêng",Adj,Thần=thần + Thánh=thánh
1905,HSK 6,神奇,Magical / Miraculous / Wonderful,"Kỳ diệu, thần kỳ",Adj,Thần=thần + Kỳ=kỳ
1906,HSK 6,神态,Expression / Bearing / Demeanor,"Thần thái, dáng vẻ",Noun,Thần=thần + Thái=thái
1907,HSK 6,神情,Expression / Look / Demeanor,"Thần sắc, biểu cảm gương mặt",Noun,Thần=thần + Tình=tình
1908,HSK 6,神秘,Mysterious / Mystical / Secret,"Bí ẩn, huyền bí",Adj,Thần=thần + Bí=bí
1909,HSK 6,突出,Prominent / Outstanding / Stick Out,"Nổi bật, nhô ra",Adj/Verb,Đột=đột + Xuất=xuất
1910,HSK 6,突如其来,Arise Suddenly / Come Unexpectedly,"Đột ngột đến, bất ngờ xảy ra",Phrase,Đột=đột + Như=như + Kỳ=kỳ + Lại=l
1911,HSK 6,索性,Simply / Just / May As Well,"Thà rằng, dứt khoát",Adv,Tỏ=tỏ + Tính=tính
1912,HSK 6,纰漏,Careless Mistake / Slip / Flaw,"Thất sót, sai sót nhỏ",Noun,Thủy=nước + lậu=lậu
1913,HSK 6,统一,Unify / Unite / Uniform,"Thống nhất, hợp nhất",Verb/Adj,Thống=thống + Nhất=nhất
1914,HSK 6,统筹,Plan As A Whole / Coordinate,"Thống nhất quy hoạch, điều phối chung",Verb,Thống=thống + Trù=trù
1915,HSK 6,缥缈,Vague / Indistinct / Illusory,"Mơ hồ, hư ảo",Adj,Vân=vân + miểu=miểu
1916,HSK 6,聘请,Engage / Employ / Invite,"Thuê, mời nhận chức",Verb,Thỉnh=thỉnh + mời=mời
1917,HSK 6,胜地,Famous Scenic Spot,Điểm tham quan nổi tiếng,Noun,Thắng=thắng + Địa=địa
1918,HSK 6,膨胀,Expand / Swell / Inflate,"Mở rộng, phồng lên",Verb,Bành=bành + trương=trương
1919,HSK 6,色彩,Color / Hue / Variety,"Màu sắc, sắc thái",Noun,Sắc=sắc + Thái=thái
1920,HSK 6,荣誉,Honor / Glory / Credit,"Vinh dự, danh dự",Noun,Vinh=vinh + Dự=dự
1921,HSK 6,蓬勃,Vigorous / Flourishing / Thriving,"Phồn vinh, hưng thịnh",Adj,Bộ=bộ + bạt=bạt
1922,HSK 6,蔷薇,Rose / Bush Rose,Hoa hồng,Noun,Thảo=thảo + tường=tường + vi=vi
1923,HSK 6,融洽,Harmonious / On Good Terms / Unified,"Hòa hợp, hòa thuận",Adj,Dung=dung + Hòa=hòa
1924,HSK 6,衰败,Decline / Wane / Fall,"Suy tàn, suy sụp",Verb,Su=su + Bại=bại
1925,HSK 6,视野,Field Of Vision / Outlook,"Tầm nhìn, phạm vi nhận thức",Noun,Thị=thị + Dã=dã
1926,HSK 6,认知,Know / Perceive / Cognition,"Nhận thức, tri giác",Verb/Noun,Nhận=nhận + Thức=thức
1927,HSK 6,讨价还价,Bargain / Haggle Over Price,"Thương lượng giá cả, trả giá đắt",Phrase,Thảo=thảo + Giá=giá + Hoàn=hoàn + Giá=giá
1928,HSK 6,让步,Make Concessions / Give Way / Yield,"Nhượng bộ, nhượng nhịp",Verb/Noun,Nhượng=nhượng + Bộ=bộ
1929,HSK 6,评介,Review / Critical Introduction,Bình luận giới thiệu,Verb/Noun,Bình=bình + giới=giới
1930,HSK 6,评议,Appraise / Deliberate / Discuss,"Bình định, cân nhắc",Verb/Noun,Bình=bình + nghị=nghị
1931,HSK 6,评说,Comment On / Discuss / Evaluate,"Bình luận, nhận xét",Verb,Bình=bình + thuyết=thuyết
1932,HSK 6,识相,Be Sensible / Know How To Behave,"Biết điều, hiểu rõ tình hình",Verb,Thức=thức + Tướng=tướng
1933,HSK 6,请帖,Invitation Card / Written Invitation,"Thư mời, thiệp mời",Noun,Mời=mời + Thiếp=thiếp
1934,HSK 6,调皮,Naughty / Mischievous / Unruly,"Nghịch ngợm, tinh nghịch",Adj,Điều=điều + Bì=bì
1935,HSK 6,调节,Regulate / Adjust / Modulate,"Điều chỉnh, điều tiết",Verb/Noun,Điều=điều + Tiết=tiết
1936,HSK 6,调解,Mediate / Reconcile / Conciliate,"Điều giải, hòa giải",Verb/Noun,Điều=điều + Giải=giải
1937,HSK 6,谈笑风生,Talk Cheerfully / Be Jovial,"Nói chuyện vui vẻ, tự nhiên duyên dáng",Phrase,Đàm=đàm + Tiếu=tiếu + Phong=phong + Sinh=sinh
1938,HSK 6,谦虚,Modest / Humble / Unassuming,"Khiêm tốn, cung kính",Adj/Verb,Khiêm=khiêm + hư=hư
1939,HSK 6,贪婪,Greedy / Avaricious / Rapacious,"Tham lam, tham ăn",Adj,Tham=tham + Lam=lam
1940,HSK 6,贫乏,Poor / Lacking / Scanty,"Thiếu thốn, nghèo nàn",Adj,Thiếu=thiếu + phú=phú
1941,HSK 6,贫瘠,Barren / Infertile / Poor,"Nghèo nàn, cằn cỗi",Adj,Thiếu=thiếu + cật=cật
1942,HSK 6,贫贱,Poor And Lowly / Destitute,"Nghèo hèn, bần hàn",Adj,Bần=bần + tiện=tiện
1943,HSK 6,贴切,Appropriate / Apt / Suitable,"Phù hợp, sát nghĩa",Adj,Thiếp=thiếp + thiết=thiết
1944,HSK 6,赏识,Recognize The Worth Of / Appreciate,"Đánh giá cao, quý trọng",Verb/Noun,Thưởng=thưởng + Thức=thức
1945,HSK 6,赡养,Support / Maintain / Provide For,"Bảo dưỡng, nuôi dưỡng",Verb,Thiện=thiện + Dưỡng=dưỡng
1946,HSK 6,起誓,Swear / Take An Oath,"Thề, tuyên thệ",Verb,Khởi=khởi + thề=thề
1947,HSK 6,趣味,Interest / Delight / Taste,"Thú vị, gu thẩm mỹ",Noun,Thú=thú + Vị=vị
1948,HSK 6,踏实,Steadfast / Practical / Dependable,"Chắc chắn, thực tế",Adj,Đạp=đạp + Thực=thực
1949,HSK 6,蹊跷,Odd / Queer / Suspicious,"Bất thường, đáng ngờ",Adj,Thân=thân + khiễng=khiễng
1950,HSK 6,蹒跚,Stagger / Totter / Limp,"Vấp ngã, đi xiêu vẹo",Adj,足 = chân + 旁 = páng + 番 = phiên
1951,HSK 6,软弱,Weak / Feeble / Flabby,"Yếu đuối, yếu mềm",Adj,Nhũ=nhũ + Nhược=nhược
1952,HSK 6,轻盈,Slender / Graceful / Light,"Thanh mảnh, nhẹ nhàng",Adj,Thanh=thanh + doanh=doanh
1953,HSK 6,轻蔑,Disdain / Contempt / Scorn,"Khinh thường, khinh miệt",Verb/Noun,Khinh=khinh + miệt=miệt
1954,HSK 6,迫切,Urgent / Pressing / Imperative,"Cấp bách, khẩn trương",Adj,Phách=phách + thiết=thiết
1955,HSK 6,适应,Adapt / Suit / Fit Into,"Thích ứng, điều chỉnh cho phù hợp",Verb,Thích=thích + Ứng=ứng
1956,HSK 6,适用,Be Applicable / Apply / Suit,"Áp dụng được, phù hợp",Verb,Thích=thích + Dụng=dụng
1957,HSK 6,逃避,Escape / Evade / Shun,"Trốn tránh, né tránh",Verb,Tháo=tháo + Tị=tị
1958,HSK 6,通用,In Common Use / General-purpose / Universal,"Thông dụng, phổ thông",Adj,Thông=thông + Dụng=dụng
1959,HSK 6,通讯,Newsletter / Communication / Correspondence,"Thông tin, thư tín",Noun,Thông=thông + Tín=tín
1960,HSK 6,通顺,Clear And Coherent / Fluent,"Thông suốt, mạch lạc",Adj,Thông=thông + Thuận=thuận
1961,HSK 6,配置,Disposition / Configuration / Deploy,"Bố trí, cấu hình",Verb/Noun,配 = phối + 置 =đặt
1962,HSK 6,释放,Release / Free / Discharge,"Thả ra, giải phóng",Verb,Thích=thích + Phóng=phóng
1963,HSK 6,锐利,Sharp / Keen / Penetrating,"Nhọn, sắc bén, nhạy bén",Adj,Thụy=thụy + Lực=lực
1964,HSK 6,锐气,Vigor / Dash / Spirit,"Khí thế, tinh thần dũng mãnh",Noun,Nhọn=nhọn + Khí=khí
1965,HSK 6,陪同,Accompany / Escort / Be With,"Đi cùng, hộ tống",Verb/Noun,陪 = bồi + đồng=đồng
1966,HSK 6,陶醉,Be Intoxicated With / Revel In,"Say sưa, mê mẩn",Verb/Noun,Đào=đào + Tú=tú
1967,HSK 6,随从,Follow / Retinue / Suite,"Đi theo, người đi theo",Verb/Noun,Tùy=tùy + Tòng=tòng
1968,HSK 6,随和,Easy-going / Amiable / Agreeable,"Hòa đồng, dễ tính",Adj,Tùy=tùy + Hòa=hòa
1969,HSK 6,随心所欲,Do As One Pleases / At Will,"Tùy ý thích, tự do theo ý muốn",Phrase,Tùy=tùy + Tâm=tâm + Sở=sở + Dục=dục
1970,HSK 6,随机,Random / Stochastic / As Occurring,"Ngẫu nhiên, tùy cơ",Adj,Tùy=tùy + Cơ=cơ
1971,HSK 6,随身,Carry With One / On One's Person,"Bên người, mang theo mình",Phrase,Tùy=tùy + Thân=thân
1972,HSK 6,隧道,Tunnel,Đường hầm,Noun,Tuần=tuần + Đạo=đạo
1973,HSK 6,霎时,Instant / Split Second / Moment,"Chốc lát, giây lát",Noun,Sát=sát + Thời=thời
1974,HSK 6,青,Blue / Green / Young,"Xanh, thanh niên",Adj/Noun,Thanh=thanh + sắc=sắc
1975,HSK 6,颇,Rather / Quite / Rather More,"Khá, phần nhiều",Adv/Adj,Thấp=thấp + bối=bối
1976,HSK 6,题材,Subject Matter / Theme / Topic,"Chủ đề, nội dung tác phẩm",Noun,Thể=thể + Tài=tài
1977,HSK 6,飘扬,Wave / Flutter / Fly,"Bay phấp phới, tung bay",Verb,Phiêu=bay + dương=dương
1978,HSK 6,飘零,Wither And Fall / Drift About,"Rụng rơi, phiêu bạt",Verb,Phiêu=phiêu + lình=lình
1979,HSK 6,饶,Abundant / Forgive / Rich,"Đông đảo, tha thứ, giàu có",Verb/Adj,Thực=thực + Hữu=hữu
1980,HSK 6,首批,First Batch / First Group,"Lô đầu tiên, đợt đầu",Noun,Thứ=thứ + Phê=phê
1981,HSK 6,首次,First Time / First,Lần đầu tiên,Noun,Thủ=thủ + Thứ=thứ
1982,HSK 6,首相,Prime Minister,Thủ tướng,Noun,Thủ=thủ + Tướng=tướng
1983,HSK 6,首要,Chief / Principal / Most Important,"Chủ yếu, quan trọng nhất",Adj,Thủ=thủ + Yếu=yếu
1984,HSK 6,魄力,Boldness / Courage / Vigor,"Phách lược, dũng khí",Noun,Phách=phách + lực=lực
